,id,description,bit_score,score,query_cover,per_ident,evalue,query_from,query_to,hit_from,hit_to,identity,positive,gaps,align_len,acc_len,hit_seq,midline,accession
0,gi|283945426|dbj|AB477080.1|,"Acrostichus sp. RGD96 mitochondrial COI gene for cytochrome oxidase subunit I, partial cds",1187.9,1316,100.0,100.0,0,1,658,1,658,658,658,0,658,658,AATACTGCCTTTAATGCTAGGTGCCCCTGACATAAGTTTTCCACGTTTAAATAATTTAAGATTTTGATTATTACCCACTGCTATGTTTTTAATTTTAGATTCTAGTTTTGTAGATACAGGTTGTGGTACAAGCTGAACTGTATATCCACCTCTAAGCACTATGGGTCACCCAGGAAGAAGGGTTGATTTAGCTATTTTTAGTTTACATTGTGCAGGTCTAAGTTCTATTTTAGGTGGTATTAATTTTATGTGTACTACTAAGAATCTTCGTAGAAGATCAATCTCTTTGGAACACATAAGATTATTTGTTTGAACTGTTTTTGTTACTGTATTCTTATTAGTTTTATCTTTACCTGTTTTAGCCGGTGCTATTACAATATTGTTAACTGATCGTAATTTAAACACTTCTTTTTTTGACCCAAGAACTGGTGGTAACCCCTTAATTTATCAACATTTGTTTTGATTTTTTGGTCATCCTGAGGTTTATATTTTAATTTTACCAGCTTTTGGTATTGTGAGACAATCTACTTTATATTTAACTGGTAAAAAAGAAGTATTTGGATCTTTAGGTATGGTTTATGCTATTTTAAGTATTGGTTTAATTGGTTGTGTAGTTTGGGCTCACCACATATATACTGTTGGAATAGATTTAGATTCT,||||||||||||||||||||||||||||||||||||||||||||||||||||||||||||||||||||||||||||||||||||||||||||||||||||||||||||||||||||||||||||||||||||||||||||||||||||||||||||||||||||||||||||||||||||||||||||||||||||||||||||||||||||||||||||||||||||||||||||||||||||||||||||||||||||||||||||||||||||||||||||||||||||||||||||||||||||||||||||||||||||||||||||||||||||||||||||||||||||||||||||||||||||||||||||||||||||||||||||||||||||||||||||||||||||||||||||||||||||||||||||||||||||||||||||||||||||||||||||||||||||||||||||||||||||||||||||||||||||||||||||||||||||||||||||||||||||||||||||||||||||||||||||||||||||||||||||||||||||||||||||||||||||||||||||||||||||||||||||||||||||||||||||||||||,AB477080
1,gi|283945430|dbj|AB477082.1|,"Acrostichus sp. RGD900 mitochondrial COI gene for cytochrome oxidase subunit I, partial cds",1057.16,1171,100.0,95.59,0,1,658,1,658,629,629,0,658,658,AATACTACCTTTAATACTGGGTGCTCCCGATATAAGTTTTCCACGTTTAAATAATTTAAGATTTTGATTATTACCTACTGCTATGTTTTTAATTTTAGATTCTAGTTTTGTAGACACAGGTTGTGGTACAAGCTGAACTGTATATCCACCTTTAAGTACTATAGGTCACCCTGGAAGAAGAGTTGATTTAGCTATTTTTAGTTTACATTGTGCGGGTTTAAGTTCTATTTTAGGTGGTATTAATTTTATGTGTACTACTAAGAATCTTCGTAGAAGATCAATCTCTTTAGAACATATAAGATTATTTGTTTGAACTGTTTTTGTTACTGTATTTTTATTAGTTTTATCTTTACCTGTTTTAGCTGGTGCTATTACAATATTATTAACTGATCGTAATTTAAATACTTCTTTTTTTGACCCGAGGACTGGTGGTAACCCCTTAATTTATCAACATTTGTTTTGATTTTTTGGTCATCCTGAGGTCTATATTTTAATTTTACCGGCTTTTGGTATTGTGAGACAATCTACTTTATATTTAACTGGTAAAAAAGAAGTATTCGGATCTTTAGGGATGGTTTATGCTATTTTAAGTATTGGTTTAATTGGTTGTGTTGTTTGGGCTCACCATATATATACTGTTGGAATAGATTTAGATTCT,|||||| |||||||| || ||||| || || |||||||||||||||||||||||||||||||||||||||||||| |||||||||||||||||||||||||||||||||||||| |||||||||||||||||||||||||||||||||||| |||| ||||| |||||||| |||||||| |||||||||||||||||||||||||||||||| ||| |||||||||||||||||||||||||||||||||||||||||||||||||||||||||||||||||||||| ||||| |||||||||||||||||||||||||||||||||||||| ||||||||||||||||||||||||||||| ||||||||||||||||| |||||||||||||||||||| ||||||||||||||||| || ||||||||||||||||||||||||||||||||||||||||||||||||||||||||||| ||||||||||||||||| |||||||||||||||||||||||||||||||||||||||||||||||||||||||| ||||||||||| ||||||||||||||||||||||||||||||||||||||||| |||||||||||||| ||||||||||||||||||||||||||||||,AB477082
2,gi|283945428|dbj|AB477081.1|,"Acrostichus sp. RGD807 mitochondrial COI gene for cytochrome oxidase subunit I, partial cds",971.499,1076,100.0,92.71,0,1,658,1,658,610,610,0,658,658,AATATTACCTTTGATGTTGGGTGCTCCCGATATAAGTTTTCCACGTCTAAATAATTTAAGATTTTGGTTATTGCCCACTGCTATGTTTTTAATTTTGGATTCTAGTTTTGTTGACACAGGTTGTGGTACAAGTTGAACTGTTTATCCACCTTTAAGTACTATGGGTCACCCGGGAAGAAGGGTTGATTTGGCCATTTTTAGTTTACATTGTGCAGGTTTAAGATCTATTTTAGGTGGTATTAATTTTATGTGTACTACTAAAAATCTTCGTAGAAGTTCAATTTCTCTAGAACACATAAGATTATTTGTTTGAACTGTTTTTGTTACTGTATTTTTATTAGTTTTATCTTTACCTGTTTTAGCTGGTGCTATTACAATATTATTAACTGATCGTAATTTAAATACTTCTTTTTTTGATCCAAGAACTGGTGGTAATCCTTTGATTTATCAGCATTTATTTTGATTTTTTGGTCATCCAGAGGTTTATATTTTAATTTTGCCAGCTTTTGGTATTGTAAGACAATCAACTTTATATTTAACTGGTAAAAAAGAAGTGTTTGGATCTTTAGGAATGGTTTATGCTATTTTAAGTATTGGATTAATTGGTTGTGTTGTTTGGGCTCACCACATGTATACTGTTGGAATGGATTTAGATTCT,|||| | ||||| ||| | ||||| || || ||||||||||||||| ||||||||||||||||||| ||||| ||||||||||||||||||||||| |||||||||||||| || ||||||||||||||||| |||||||| ||||||||| |||| |||||||||||||| ||||||||||||||||| || |||||||||||||||||||||||| |||| |||||||||||||||||||||||||||||||||||||| |||||||||||||| ||||| ||| | |||||||||||||||||||||||||||||||||||||||||||| ||||||||||||||||||||||||||||| ||||||||||||||||| |||||||||||||||||||| |||||||||||||| ||||||||||||||||| || || |||||||| ||||| |||||||||||||||||||| |||||||||||||||||||| ||||||||||||||||| |||||||| ||||||||||||||||||||||||||||| |||||||||||||| |||||||||||||||||||||||||| |||||||||||||| ||||||||||||||||| |||||||||||||| ||||||||||||,AB477081
3,gi|2220644315|gb|ON190029.1|,"Cruznema sp. GD-1 cytochrome c oxidase subunit I (COX1) gene, partial cds; mitochondrial",891.249,987,99.7,90.09,0,3,658,80,735,591,591,0,656,758,TATTGCCTTTAATGTTAGGTGCTCCTGATATAAGTTTTCCACGTTTAAATAATTTAAGTTTTTGATTATTACCAACAGCTATATTTTTAATTTTAGATTCAAGATTTGTAGATATAGGTTGTGGTACTAGTTGAACTGTTTACCCACCTTTAAGGACATTAGGACATCCTGGTAGAAGTGTAGATTTAGCTATTTTTAGTTTACATTGTGCTGGTTTAAGTTCAATTTTAGGTGGTATTAATTTTATGTGTACAACAAAAAATTTACGTAGTAGATCTATTTCTTTGGAACATATAAGATTATTTGTTTGAACTGTTTTTGTTACTGTATTTTTATTAGTTTTATCTTTACCAGTTTTAGCAGGTGCTATTACAATATTGCTAACTGATCGTAACTTAAATACATCTTTTTTTGATCCAAGTACTGGTGGTAACCCTTTAATTTATCAGCATTTATTTTGATTTTTTGGTCATCCAGAGGTTTATATTTTAATTTTACCAGCTTTTGGTATTATTAGACAATCTACTTTATATTTAACTGGTAAAAAAGAAGTATTTGGTTCATTAGGAATGGTTTATGCTATTTTAAGAATTGGGTTAGTTGGGTGTGTAGTATGGGCTCATCATATATATACTGTTGGTATGGATTTAGATTCT,|| ||||||||||| ||||||| ||||| ||||||||||||||||||||||||||||| |||||||||||||| || ||||| ||||||||||||||||| || |||||||||| |||||||||||| || |||||||| || |||||| |||| ||  | || || || || ||||| || ||||||||||||||||||||||||||||| ||| ||||||| ||||||||||||||||||||||||||||| || || ||| | ||||| ||||| || ||||||||||| |||||||||||||||||||||||||||||||||||||| |||||||||||||||||||| |||||||| |||||||||||||||||| ||||||||||||| ||||| || ||||||||||| ||||| |||||||||||||| ||||||||||| ||||| |||||||||||||||||||| |||||||||||||||||||||||||||||||||||| | |||||||||||||||||||||||||||||||||||||||||||| || ||||| |||||||||||||||||||| ||||| ||| |||| |||||||| |||||||| || |||||||||||||| || ||||||||||||,ON190029
4,gi|1375380823|dbj|LC374588.1|,"Acrostichus floridensis NKZ366 mitochondrial COX1 gene for cytochrome c oxidase subunit 1, partial cds",890.347,986,100.0,89.97,0,1,658,1,658,592,592,0,658,658,AATATTACCTTTAATGTTAGGTGCCCCAGATATGAGTTTTCCTCGTTTAAATAATTTAAGATTTTGGTTATTACCTACTGCTATATTTTTAATTTTAGATTCTAGATTTGTAGATACTGGTTGTGGTACAAGTTGAACTGTTTACCCACCATTAAGAACTTTAGGTCACCCAGGTAGAAGTGTAGATTTAGCTATTTTTAGTTTACATTGTGCAGGTTTAAGATCAATTTTAGGTGGTATTAATTTTATATGTACTACAAAAAATTTACGTAGAAGTTCTATTTCTTTAGAACATATAAGATTATTTGTGTGAACTGTTTTTGTAACTGTATTTTTATTAGTTTTATCTTTACCTGTTTTAGCTGGTGCTATTACTATATTATTAACAGACCGTAATTTAAATACATCTTTTTTTGATCCAAGAACAGGTGGTAATCCATTAATTTATCAACATTTATTTTGGTTTTTTGGTCACCCAGAGGTTTATATTTTAATTTTACCAGCTTTTGGTATTATTAGTCAATCTACTCTATATTTAACTGGTAAAAAAGAGGTATTTGGTTCTTTAGGAATAGTATATGCTATTTTAAGAATTGGTTTAATTGGTTGTGTAGTTTGGGCTCACCACATATATACAGTGGGAATAGATTTAGATTCT,|||| | ||||||||| |||||||||| || || |||||||| ||||||||||||||||||||||| |||||||| |||||||| |||||||||||||||||||| ||||||||||| |||||||||||||| |||||||| || |||||  |||| ||| | ||||||||||| ||||| || ||||||||||||||||||||||||||||||||| |||| || ||||||||||||||||||||||| |||||||| || ||| | |||||||| || || ||||| ||||| |||||||||||||| |||||||||||||| |||||||| ||||||||||||||||||||||||||||| ||||||||||| ||||| ||||| || ||||||||||| || ||||||||||| |||||||| |||||||| || ||||||||||||||||| ||||| ||||||||||| || |||||||||||||||||||||||||||||||||||| | || ||||||||| |||||||||||||||||||||| |||||||| |||||||| || || |||||||||||||| |||||||||||||||||||||||||||||||||||||||||||| || ||||||||||||||||||,LC374588
5,gi|410992283|gb|JX163961.1|,"Acrostichus sp. RS5083 cytochrome oxidase subunit 1 (cox1) gene, partial cds; mitochondrial",876.822,971,100.0,89.51,0,1,658,18,675,589,589,0,658,683,AATATTACCATTAATATTAGGTGCCCCAGACATAAGATTTCCACGTTTAAATAATTTAAGTTTTTGATTATTACCAACTTCTATATTTTTAATTTTAGATTCTAGATTTGTAGATATAGGTTGTGGTACTAGTTGAACTGTTTATCCACCTTTAAGAACTATAGGTCACCCGGGTAGAAGAGTAGATTTAGCTATTTTTAGTTTACATTGTGCTGGTTTAAGTTCTATTTTAGGTGGTATTAATTTTATGTGTACAACAAAAAATTTACGTAGTAGTTCTATTTCTTTAGAACACATAACTTTATTTGTTTGAACTGTATTTGTTACTGTATTTTTATTAGTTTTATCTTTACCTGTCTTAGCTGGAGCTATTACTATGTTATTAACAGATCGTAATTTAAATACTTCATTTTTTGACCCTAGAACTGGTGGTAATCCATTAATTTATCAACATTTGTTTTGATTCTTTGGTCATCCAGAGGTTTATATTTTAATTTTACCAGCATTTGGTATTATTAGACAATCAACTTTATATTTAACTGGTAAAAAGGAAGTATTTGGTTCATTAGGTATAGTATATGCTATTTTAAGGATTGGTTTAATTGGTTGTGTAGTTTGAGCTCATCATATGTATACTGTAGGTATAGATTTAGATTCT,|||| | || |||||  |||||||||| |||||||| ||||||||||||||||||||||| |||||||||||||| ||| |||| |||||||||||||||||||| |||||||||| |||||||||||| || |||||||| ||||||||| |||| ||||| |||||||| || ||||| || ||||||||||||||||||||||||||||| ||| ||||||||||||||||||||||||||||||||||||| || || ||| | ||||| || || || ||||| ||||||||||  ||||||||||||||||| |||||||||||||| ||||||||||||||||||||||| ||||| || |||||||| || || ||||| |||||||||||||| ||||| ||||||||||| |||||||||||||| || |||||||||||||||||||||||||| ||||||||||| |||||||||||||||||||||||||| ||||||||| | |||||||| ||||||||||||||||||||||| ||||||||||| || |||||||| || |||||||||||||| |||||||||||||||||||||||||| ||||| || || |||||||| || |||||||||||||||,JX163961
6,gi|410992269|gb|JX163954.1|,"Micoletzkya buetschlii cytochrome oxidase subunit 1 (cox1) gene, partial cds; mitochondrial",876.822,971,100.0,89.51,0,1,658,18,675,589,589,0,658,683,AATATTACCTTTAATATTGGGGGCTCCTGATATAAGTTTTCCTCGTTTAAATAATTTGAGATTTTGGTTGTTACCTACAGCTATGCTTTTAATTTTAGATTCTAGATTTGTTGATATAGGATGTGGTACAAGTTGAACTGTTTATCCTCCTTTAAGAACTTTGGGTCATCCTGGTAGAAGAGTAGATTTAGCAATTTTTAGTTTACATTGTGCTGGTATAAGTTCTATTTTAGGTGGTATTAATTTTATGTGTACTACAAAAAATCTTCGTAGAAGATCTATTTCTTTAGAACATATAAGATTATTTGTATGAACTGTGTTTGTTACTGTATTTTTATTAGTTTTATCTTTACCTGTTTTAGCTGGTGCTATTACCATATTATTAACAGATCGTAATTTGAATACTTCTTTTTTTGATCCAAGAACAGGTGGTAACCCTTTAATTTATCAACATTTATTTTGATTTTTTGGTCACCCAGAAGTTTATATTCTAATTTTACCAGCTTTTGGTATTATCAGACAATCTACTCTTTATTTAACTGGTAAAAAAGAAGTATTTGGTTCTTTGGGTATAGTTTATGCTATCTTAAGAATTGGTTTAATTGGATGTGTAGTTTGGGCTCACCATATATACACAGTTGGAATAGATTTAGATTCT,|||| | ||||||||  | || || ||||| ||||||||||| |||||||||||||| |||||||| || ||||| || |||||| ||||||||||||||||||| ||||| |||| ||| ||||||||||| |||||||| ||||| ||| |||| ||| ||||||| || || ||||| || |||||||| |||||||||||||||||||| ||| |||||||||||||||||||||||||||||||||||||||| || ||||||||||||||||| || ||||| ||||| |||||||||||||| |||||||| |||||||||||||| ||||||||||||||||||||||||||||| ||||||||||| ||||| ||||| ||||||||||| || |||||||||||||| |||||||| ||||||||||| ||||||||||||||||| ||||||||||||||||| || || ||||||||| ||||||||||||||||||||||| | |||||||||||| | ||||||||||||||||||||||||||||| ||||| ||||| ||||||||||| ||||| |||||||||||||| |||||||||||||||||||| ||||| || |||||||||||||||||||||,JX163954
7,gi|410992281|gb|JX163960.1|,"Koerneria sp. RS1982 cytochrome oxidase subunit 1 (cox1) gene, partial cds; mitochondrial",864.198,957,98.94,89.4,0,8,658,25,675,582,582,0,651,683,CCATTAATATTAGGTGCTCCAGATATAAGATTTCCTCGTTTAAATAATTTAAGATTTTGATTATTACCTACAGCTATATTTTTAATTTTAGACTCAAGATTTGTTGATATAGGTTGTGGTACTAGATGAACAGTTTATCCTCCTTTAAGGACTTTAGGTCATCCTGGTAGAAGAGTTGATTTAGCTATTTTTAGGTTACATTGTGCTGGTTTAAGATCTATTTTAGGTGGTATTAATTTTATATGCACAACTAAAAATTTACGTAGAAGATCAATTTCTTTGGAACATATAAGATTATTTGTTTGAACTGTATTTGTTACAGTTTTTTTATTAGTTTTATCATTACCTGTTTTAGCTGGTGCTATTACTATATTATTAACTGATCGTAATTTAAATACTTCATTTTTTGACCCTAGAACTGGTGGTAATCCTTTAATTTATCAACATTTATTTTGATTTTTTGGTCATCCAGAGGTTTATATTTTGATTTTACCAGCTTTTGGTATTATTAGACAATCAACTTTATATTTAACTGGTAAAAAAGAAGTATTTGGTTCTTTAGGTATAGTTTATGCTATTTTAAGAATTGGTTTAATTGGTTGTGTTGTTTGAGCCCATCATATATATACTGTTGGAATAGATTTGGATTCT,|| |||||  ||||||| || || ||||| ||||| |||||||||||||||||||||||||||||||| || ||||| |||||||||||||| || || ||||| |||| |||||||||||| || ||||| || ||||| ||| |||| ||| | ||||| || || ||||| |||||||||||||||||||| ||||||||||| ||| |||| |||||||||||||||||||||||||| || || ||||| ||| | |||||||||||||| ||||||||||| ||||||||||||||||||||||| |||||||| || || |||||||||||||| |||||||||||||| ||||||||||| ||||| |||||||||||||||||||| ||||| ||||||||||| |||||||||||||| || ||||||||||||||||| |||||||||||||||||||| |||||||||||||| ||||||||||||||||||||| | |||||||| ||||||||||||||||||||||||||||||||||| ||||||||||| ||||||||||||||||| |||||||||||||||||||| ||||| || || || ||||||||||||||||||||||| ||||||,JX163960
8,gi|1680429656|gb|MK754228.1|,"Unidentified nematode isolate N6734 cytochrome oxidase subunit 1 (cox1) gene, partial cds; mitochondrial",863.297,956,100.0,89.06,0,1,658,1,658,586,586,0,658,658,AATATTACCTTTAATATTAGGTGCTCCTGATATAAGTTTTCCTCGTTTAAATAATTTAAGATTTTGATTATTACCTACTGCTATATTTTTAATTTTGGATTCAAGATTTGTTGATATAGGTTGTGGTACTAGGTGAACTGTATATCCTCCATTAAGTACTTTAGGTCATCCTGGAAGAAGAGTTGATTTAGCTATTTTTAGTTTACATTGTGCTGGTTTAAGTTCTATTTTAGGTGGTATTAATTTTATGTGTACTACTAAAAATTTACGTAGTAGTTCTATTTCTTTAGAACATATGAGTTTATTTGTATGAACTGTTTTTGTTACTGTATTTTTATTAGTATTATCTTTACCTGTTTTAGCTGGTGCTATTACTATATTATTAACTGATCGTAATTTAAATACATCTTTCTTTGATCCTAGAACTGGTGGTAACCCTTTAATTTATCAACATTTATTTTGATTCTTTGGTCATCCAGAGGTTTATATTTTAATTTTACCAGCATTTGGTATTATTAGTCAGTCTACATTATATTTAACAGGTAAAAAAGAGGTTTTTGGTTCTTTAGGTATAGTTTATGCTATTTTAAGAATTGGTTTAGTTGGTTGTGTTGTTTGAGCTCACCATATATATACAGTTGGTATGGATTTAGATTCT,|||| | ||||||||  ||||||| ||||| ||||||||||| |||||||||||||||||||||||||||||||| |||||||| ||||||||||| ||||| || ||||| |||| |||||||||||| || |||||||||||||| ||  |||| ||| | ||||| || |||||||| |||||||||||||||||||||||||||||||| ||| ||||||||||||||||||||||||||||||||||||||||||| ||| | ||||| || || || ||||| ||||| || || |||||||| ||||||||||||||||||||||| |||||||| |||||||||||||||||||| ||||||||||| ||||| |||||||||||||||||||| || ||||| ||||| || ||||||||||||||||| ||||||||||||||||| |||||||| ||||||||||| |||||||||||||||||||||||||| ||||||||| | || || ||||| ||||||||||| ||||||||||| || ||||| ||||||||||| ||||||||||||||||| ||||||||| |||||||||| ||||| |||||||| |||||||| ||||| || ||||||||||||,MK754228
9,gi|2147554140|gb|OL468734.1|,"Rhabditis sp. MGA-2021 voucher MA97 cytochrome c oxidase subunit I (COX1) gene, partial cds; mitochondrial",863.297,956,100.0,89.06,0,1,658,12,669,586,586,0,658,678,AATATTACCTTTAATATTAGGTGCTCCTGATATAAGTTTTCCTCGTTTAAATAATTTAAGATTTTGATTATTACCTACTGCTATATTTTTAATTTTGGATTCAAGATTTGTTGATATAGGTTGTGGTACTAGGTGAACTGTATATCCTCCATTAAGTACTTTAGGTCATCCTGGAAGAAGAGTTGATTTAGCTATTTTTAGTTTACATTGTGCTGGTTTAAGTTCTATTTTAGGTGGTATTAATTTTATGTGTACTACTAAAAATTTACGTAGTAGTTCTATTTCTTTAGAACATATGAGTTTATTTGTATGAACTGTTTTTGTTACTGTATTTTTATTAGTATTATCTTTACCTGTTTTAGCTGGTGCTATTACTATATTATTAACTGATCGTAATTTAAATACATCTTTCTTTGATCCTAGAACTGGTGGTAACCCTTTAATTTATCAACATTTATTTTGATTCTTTGGTCATCCAGAGGTTTATATTTTAATTTTACCAGCATTTGGTATTATTAGTCAGTCTACATTATATTTAACAGGTAAAAAAGAGGTTTTTGGTTCTTTAGGTATAGTTTATGCTATTTTAAGAATTGGTTTAGTTGGTTGTGTTGTTTGAGCTCACCATATATATACAGTTGGTATGGATTTAGATTCT,|||| | ||||||||  ||||||| ||||| ||||||||||| |||||||||||||||||||||||||||||||| |||||||| ||||||||||| ||||| || ||||| |||| |||||||||||| || |||||||||||||| ||  |||| ||| | ||||| || |||||||| |||||||||||||||||||||||||||||||| ||| ||||||||||||||||||||||||||||||||||||||||||| ||| | ||||| || || || ||||| ||||| || || |||||||| ||||||||||||||||||||||| |||||||| |||||||||||||||||||| ||||||||||| ||||| |||||||||||||||||||| || ||||| ||||| || ||||||||||||||||| ||||||||||||||||| |||||||| ||||||||||| |||||||||||||||||||||||||| ||||||||| | || || ||||| ||||||||||| ||||||||||| || ||||| ||||||||||| ||||||||||||||||| ||||||||| |||||||||| ||||| |||||||| |||||||| ||||| || ||||||||||||,OL468734
10,gi|1981674649|dbj|LC589007.1|,"Pristionchus fukushimae NKZ_PLA_A mitochondrial COX1 gene for cytochrome c oxidase subunit 1, partial cds",859.69,952,98.94,89.25,0,8,658,8,658,581,581,0,651,658,CCTTTAATATTAGGAGCTCCAGATATAAGATTTCCTCGTTTAAATAATTTAAGATTTTGATTATTACCCACAGCTATGTTTTTAATTTTGGATTCAAGATTTGTAGATATAGGTTGTGGTACTAGATGAACTGTTTATCCTCCTTTGAGGACAATAGGTCATCCCGGTAGAAGAGTAGATTTAGCTATTTTTAGTTTACATTGTGCTGGTTTAAGATCTATTTTAGGTGGTATTAATTTTATGTGTACTACAAAAAATTTACGTAGAAGATCTATTTCTTTAGAACATATAAGATTATTTGTATGAACTGTGTTTGTTACTGTATTTTTATTAGTTTTATCATTACCTGTTTTAGCTGGTGCTATTACTATGTTATTAACAGATCGTAATTTAAATACTTCATTTTTTGATCCTAGAACTGGTGGTAATCCTTTAATTTATCAACATTTGTTTTGATTCTTTGGTCATCCTGAGGTTTATATTTTAATTTTACCTGCTTTTGGTATTATTAGACAATCAACTTTATATTTAACAGGTAAAAAAGAAGTATTTGGTTCTTTAGGGATAGTTTATGCTATTTTAAGAATTGGTTTAATTGGGTGTGTAGTTTGAGCTCATCATATGTATACTGTAGGTATAGATTTAGATTCT,||||||||  |||| || || || ||||| ||||| ||||||||||||||||||||||||||||||||||| ||||||||||||||||| ||||| || |||||||||| |||||||||||| || |||||||| ||||| ||| | || || || ||||| || || ||||| || ||||||||||||||||||||||||||||| ||| |||| ||||||||||||||||||||||||||||||||||| || ||| | ||||||||||| || ||||| ||||| |||||||||||||| |||||||| |||||||||||||| |||||||||||||| |||||||||||||| ||||||||||| || || ||||| |||||||||||||| ||||| |||||||| || |||||||||||||| || |||||||||||||||||||||||||| ||||||||||||||||||||||||||||||||||| |||||||||||| | |||||||| |||||||||||||| |||||||||||||||||||| |||||||| || ||||||||||||||||| |||||||||||||| ||||||||||| ||||| || || |||||||| || |||||||||||||||,LC589007
11,gi|256856179|dbj|AB455819.1|,"Acrostichus halicti mitochondrial mtCOI gene for cytochrome oxidase subunit I, partial cds",859.69,952,98.94,89.25,0,8,658,34,684,581,581,0,651,702,CCATTAATATTAGGTGCTCCTGATATAAGTTTTCCACGTTTAAATAATTTAAGTTTTTGATTATTACCAACTGCTATATTTTTGATTTTGGACTCTAGATTTGTAGATACAGGTTGTGGTACTAGGTGAACTGTATACCCTCCTTTAAGGACAGCTGGTCATCCTGGTAGAAGGGTGGATTTAGCTATTTTTAGTCTTCATTGTGCTGGTTTAAGTTCAATTTTAGGTGGTATTAATTTTATATGTACAACTAAAAATTTACGTAGTAGATCTATTTCTTTAGAACATATAAGCTTATTTGTTTGAACTGTCTTTGTTACTGTTTTTTTATTAGTTTTATCTTTGCCTGTTTTAGCTGGGGCTATTACTATATTATTAACTGATCGTAATTTAAATACTTCTTTTTTTGACCCAAGTACGGGTGGTAATCCTTTAATTTATCAACATTTATTTTGATTTTTTGGTCACCCAGAAGTTTATATTTTAATTTTACCAGCATTTGGTATTGTTAGTCAATCAACTTTATATTTAACTGGTAAAAAAGAAGTATTTGGTTCTTTGGGAATGGTTTATGCTATTTTAAGTATTGGTTTAATTGGTTGTGTAGTTTGGGCTCACCACATGTATACAGTTGGGATGGATTTAGATTCT,|| |||||  ||||||| ||||| ||||||||||||||||||||||||||||| |||||||||||||| |||||||| ||||| ||||| || ||||| ||||||||||||||||||||||| || ||||||||||| || ||| |||| ||    ||||| || || |||||||| |||||||||||||||||| | |||||||| ||| ||||||| ||||||||||||||||||||||| ||||| ||||| ||| | ||||| ||||| || ||||| ||||| ||||| ||||||||||||||||| ||||||||||| || ||||||||||||||||| ||||||||||| || |||||||| ||||| |||||||||||||||||||| |||||||||||||||||||| || |||||||| || ||||||||||||||||| ||||||||||||||||| || || ||||||||||||||||||||||| ||||||||||| || ||||| ||||||||||||||||||||||||||||||||||| ||||| || ||||||||||||||||||||||||||||||||||||||||||||||||||||||||||| ||||| ||||| || ||||||||||||,AB455819
12,gi|632798513|gb|KJ531144.1|,"Micoletzkya sp. 7 VS-2014 cytochrome oxidase subunit 1 (cox1) gene, partial cds; mitochondrial",858.788,951,100.0,88.91,0,1,658,15,672,585,585,0,658,680,AATATTACCTTTAATATTAGGGGCTCCTGATATAAGTTTTCCTCGTTTAAATAATTTGAGATTTTGGTTGTTGCCTACAGCTATGCTTTTAATTTTAGATTCTAGATTTGTTGATATAGGATGCGGTACAAGTTGAACTGTTTATCCTCCTTTAAGAACTTTGGGTCATCCTGGTAGAAGAGTAGATTTAGCAATTTTTAGTTTACATTGTGCTGGTATAAGTTCTATTTTAGGTGGTATTAATTTTATGTGTACTACAAAAAATCTTCGTAGAAGATCTATTTCTTTAGAACATATAAGATTATTTGTATGAACTGTATTTGTTACTGTATTTTTATTAGTTTTATCTTTACCTGTTTTAGCTGGTGCTATTACCATATTATTAACAGATCGTAATTTGAATACTTCTTTTTTTGATCCAAGAACAGGTGGTAACCCTTTAATTTATCAACATTTATTTTGATTTTTTGGTCACCCAGAAGTTTATATTCTAATTTTACCAGCTTTTGGTATTATCAGACAATCAACTCTTTATTTGACTGGTAAAAAAGAAGTATTTGGTTCTTTGGGTATAGTTTATGCTATCTTAAGAATTGGTTTAATTGGATGTGTAGTTTGGGCTCATCATATATACACAGTTGGAATAGATTTAGATTCT,|||| | ||||||||  |||| || ||||| ||||||||||| |||||||||||||| |||||||| || || || || |||||| ||||||||||||||||||| ||||| |||| ||| || |||||||| |||||||| ||||| ||| |||| ||| ||||||| || || ||||| || |||||||| |||||||||||||||||||| ||| |||||||||||||||||||||||||||||||||||||||| || ||||||||||||||||| || ||||| ||||| |||||||||||||| |||||||| |||||||||||||| ||||||||||||||||||||||||||||| ||||||||||| ||||| ||||| ||||||||||| || |||||||||||||| |||||||| ||||||||||| ||||||||||||||||| ||||||||||||||||| || || ||||||||| ||||||||||||||||||||||| | |||||||| ||| | ||||| ||||||||||||||||||||||| ||||| ||||| ||||||||||| ||||| |||||||||||||| ||||||||||||||||| || ||||| || |||||||||||||||||||||,KJ531144
13,gi|632798529|gb|KJ531152.1|,"Micoletzkya sp. 25 VS-2014 cytochrome oxidase subunit 1 (cox1) gene, partial cds; mitochondrial",853.378,945,98.78,89.08,0,8,657,22,671,579,579,0,650,680,CCTTTAATATTAGGTGCTCCTGATATAAGTTTTCCTCGTTTAAATAATTTAAGATTTTGGTTATTACCAACAGCTATATTATTAATTTTGGATTCTAGATTTGTAGATATAGGGTGTGGTACAAGATGAACTGTTTACCCTCCTTTAAGGACATTGGGACACCCAGGTAGAAGTGTAGATTTAGCTATTTTTAGTTTACATTGTGCTGGTATAAGATCTATTTTAGGTGGTATTAATTTTATATGTACTACTAAAAATCTTCGTAGTAGTTCTATTTCTTTAGAACATATAAGATTATTTGTTTGAACTGTTTTTGTTACTGTATTTTTATTAGTTTTATCTCTACCTGTTTTAGCTGGTGCTATTACTATATTATTAACAGATCGTAATTTAAATACTTCATTTTTTGATCCAAGAACAGGTGGTAATCCCCTAATTTATCAACATTTATTTTGATTTTTTGGTCACCCTGAAGTCTATATTTTAATTTTACCTGCATTTGGTATTATTAGACAATCTACTCTTTATTTAACTGGAAAAAAAGAAGTATTTGGTTCATTAGGTATAGTTTATGCTATTTTAAGAATTGGTTTAATTGGTTGTGTTGTATGAGCTCATCATATATATACAGTTGGAATGGATTTAGATTC,||||||||  ||||||| ||||| ||||||||||| ||||||||||||||||||||||| |||||||| || ||||| || |||||||| |||||||| |||||||||| ||| ||||||||||| |||||||| || || ||| |||| ||  |||| |||||||| ||||| || ||||||||||||||||||||||||||||| ||| |||| |||||||||||||||||||||||||| ||||||||||| ||||||||||| || || || ||||| ||||| |||||||||||||||||||||||||||||||||||||| ||||||||||||||| ||||||||||||| ||||||||||| ||||| ||||| |||||||||||||| ||||| |||||||| |||||||| |||||||| ||| |||||||||||||||| ||||||||||||||||| ||||| || ||||||||||||||||| || ||||||||| | |||||||||||| | ||||||||||| ||||||||||||||||| || |||||||| ||||||||||||||||| |||||||||||||||||||| || || ||||| || |||||||| |||||||| |||||||||||,KJ531152
14,gi|410992285|gb|JX163962.1|,"Parapristionchus giblindavisi cytochrome oxidase subunit 1 (cox1) gene, partial cds; mitochondrial",853.378,945,98.78,89.08,0,8,657,25,674,579,579,0,650,683,CCTTTAATATTAGGTGCTCCTGATATAAGTTTTCCTCGTTTAAATAATTTGAGATTCTGATTATTACCAACAGCAATGTTTTTAATTTTAGATTCTAGATTTGTTGATATAGGTTGTGGTACAAGATGAACAGTTTATCCTCCTTTAAGAACTATAGCTCATCCTGGTAGAAGTGTAGATTTAGCTATTTTTAGTTTACATTGTGCTGGTTTGAGATCTATTTTAGGTGGTATTAATTTTATGTGTACTACAAAAAATTTACGTAGAAGATCTATTTCATTAGAACATATAAGATTGTTTGTTTGAACTGTTTTTGTAACTGTATTTTTATTAGTTTTATCTTTACCTGTATTAGCTGGTGCTATTACTATATTATTAACTGATCGTAATTTAAATACTTCATTTTTTGATCCTAGAACTGGTGGTAATCCTTTAATTTATCAACATTTATTCTGATTTTTTGGTCATCCTGAAGTTTATATTCTAATTTTACCAGCTTTTGGAATTGTTAGACAATCAACATTATATTTAACAGGTAAAAAAGAAGTATTTGGATCATTAGGTATAGTTTATGCTATTTTAAGAATTGGTTTAATTGGTTGTGTTGTTTGAGCTCATCATATGTATACAGTTGGTATAGATTTAGATTC,||||||||  ||||||| ||||| ||||||||||| |||||||||||||| ||||| ||||||||||| || || ||||||||||||||||||||||| ||||| |||| ||||||||||||||| ||||| || ||||| ||| |||| ||||| | ||| || || ||||| || ||||||||||||||||||||||||||||| ||| | || ||||||||||||||||||||||||||||||||||| || ||| | ||||||||||| || || || ||||| |||||||| |||||||||||||||||||| |||||||| ||||||||||||||||||||||| ||||| ||||||||||| ||||| |||||||||||||||||||| ||||| |||||||| || |||||||||||||| || ||||||||||||||||| || |||||||||||||||||||| ||||||||| ||||||||||||||||||| ||||| |||||||| || ||||||||||| ||||||||||||||||||||||| |||||||| ||||||||||||||||| |||||||||||||||||||| ||||| ||||| || || ||||| ||||| ||||||||||||||,JX163962
15,gi|1981674711|dbj|LC589038.1|,"Pristionchus degawai NKZ_PLA_F1 mitochondrial COX1 gene for cytochrome c oxidase subunit 1, partial cds",850.673,942,98.94,88.94,0,8,658,8,658,579,579,0,651,658,CCTTTAATATTAGGTGCTCCTGACATAAGATTCCCACGTTTAAACAATTTAAGATTTTGATTATTACCAACAGCAATATTTTTAATTTTAGATTCAAGATTTGTTGATATAGGTTGTGGTACAAGATGAACTGTTTACCCACCTTTGAGAACAATAGCTCACCCAGGTAGAAGAGTAGATTTAGCTATTTTTAGATTACATTGTGCTGGTTTAAGATCAATTTTAGGTGGAATTAATTTTATGTGTACTACTAAGAATTTACGTAGGAGATCTATTTCTTTGGAACATATAAGATTATTTGTTTGAACTGTTTTTGTAACAGTATTTTTATTGGTTTTATCATTACCAGTCTTAGCAGGTGCTATTACTATGTTATTAACTGACCGTAATTTAAATACTTCATTTTTTGATCCTAGAACTGGTGGTAACCCTTTAATTTATCAACATTTATTTTGATTTTTTGGTCATCCTGAAGTTTATATTTTAATTTTACCTGCATTTGGTATTATTAGGCAATCAACTTTATATTTAACTGGTAAAAAAGAAGTATTTGGTTCTTTAGGAATGGTTTATGCAATTTTAAGAATTGGTTTGATTGGTTGTGTAGTTTGGGCTCACCATATATACACAGTTGGTATAGATTTAGATTCT,||||||||  ||||||| ||||||||||| || ||||||||||| ||||||||||||||||||||||| || || || ||||||||||||||||| || ||||| |||| ||||||||||||||| |||||||| || |||||| | || || || | ||||||||| ||||| || ||||||||||||||||| ||||||||||| ||| |||| || ||||||||||| ||||||||||||||||||||||||||| | ||||| ||||| || ||||||||||| ||||||||||||||||||||||||||||| || ||||| ||||| |||||||| ||||| || ||||| ||||||||||| || || |||||||| ||||||||||| ||||| |||||||| || ||||||||||||||||| ||||||||||||||||| ||||||||||||||||||||||| |||||||||||||||||||| || ||||||||| | || ||||| ||||||||||||||||||||||||||||||||||| |||||||| ||||||||||| |||||||| |||||||| |||||||||||||||||||||||||| ||||| || ||||| |||||||||||||||,LC589038
16,gi|1981674695|dbj|LC589030.1|,"Pristionchus degawai NKZ_PLA_D17 mitochondrial COX1 gene for cytochrome c oxidase subunit 1, partial cds",850.673,942,98.94,88.94,0,8,658,8,658,579,579,0,651,658,CCTTTAATATTAGGTGCTCCTGACATAAGATTCCCACGTTTAAACAATTTAAGATTTTGATTATTACCAACAGCAATATTTTTAATTTTAGACTCAAGATTTGTAGATATAGGTTGTGGTACAAGATGAACTGTTTATCCACCTTTGAGAACAATAGCTCACCCAGGTAGAAGAGTAGATTTAGCTATTTTTAGATTACATTGTGCTGGTTTAAGATCAATTTTAGGTGGAATTAATTTTATGTGTACTACTAAGAATTTACGTAGGAGATCTATTTCTTTGGAACATATAAGATTATTTGTTTGAACTGTTTTTGTAACAGTATTTTTATTGGTTTTATCATTACCAGTTTTAGCAGGTGCTATTACTATGTTATTAACTGACCGTAATTTAAATACTTCATTTTTTGATCCTAGAACTGGTGGTAACCCTTTAATTTATCAACATTTATTTTGATTTTTTGGGCATCCTGAAGTTTATATTTTAATTTTACCTGCATTTGGTATTATTAGGCAATCAACTTTATATTTAACTGGTAAAAAAGAAGTATTTGGTTCTTTAGGAATGGTTTATGCAATTTTAAGAATTGGTTTGATTGGTTGTGTAGTTTGAGCTCACCATATGTATACAGTTGGTATAGATTTAGATTCT,||||||||  ||||||| ||||||||||| || ||||||||||| ||||||||||||||||||||||| || || || |||||||||||||| || || |||||||||| ||||||||||||||| |||||||| ||||||||| | || || || | ||||||||| ||||| || ||||||||||||||||| ||||||||||| ||| |||| || ||||||||||| ||||||||||||||||||||||||||| | ||||| ||||| || ||||||||||| ||||||||||||||||||||||||||||| || ||||| ||||| |||||||| ||||| |||||||| ||||||||||| || || |||||||| ||||||||||| ||||| |||||||| || ||||||||||||||||| ||||||||||||||||| |||||||||||||| |||||||| |||||||||||||||||||| || ||||||||| | || ||||| ||||||||||||||||||||||||||||||||||| |||||||| ||||||||||| |||||||| |||||||| ||||||||||||||||| |||||||| || ||||| ||||| |||||||||||||||,LC589030
17,gi|1981674681|dbj|LC589023.1|,"Pristionchus degawai NKZ_PLA_D10 mitochondrial COX1 gene for cytochrome c oxidase subunit 1, partial cds",850.673,942,98.94,88.94,0,8,658,8,658,579,579,0,651,658,CCTTTAATATTAGGTGCTCCTGACATAAGATTCCCACGTTTAAACAATTTAAGATTTTGATTATTACCAACAGCAATATTTTTAATTTTAGACTCAAGATTTGTTGATATAGGTTGTGGTACAAGATGAACTGTTTACCCACCTTTGAGAACAATAGCTCACCCAGGTAGAAGAGTAGATTTAGCTATTTTTAGATTACATTGTGCTGGTTTAAGATCAATTTTAGGTGGAATTAATTTTATGTGTACTACTAAGAATTTACGTAGGAGATCTATTTCTTTGGAACATATAAGATTATTTGTTTGAACTGTTTTTGTAACAGTATTTTTATTGGTTTTATCATTACCAGTTTTAGCAGGTGCTATTACTATGTTATTAACTGACCGTAATTTAAATACTTCATTTTTTGACCCTAGAACTGGTGGTAACCCTTTAATTTATCAACATTTATTTTGATTTTTTGGGCATCCTGAAGTTTATATTTTAATTTTACCTGCATTTGGTATTATTAGGCAATCAACTTTATATTTAACTGGTAAAAAAGAAGTATTTGGTTCTTTAGGAATGGTTTATGCAATTTTAAGAATTGGTTTGATTGGTTGTGTAGTTTGGGCTCACCATATATACACAGTTGGTATAGATTTAGATTCT,||||||||  ||||||| ||||||||||| || ||||||||||| ||||||||||||||||||||||| || || || |||||||||||||| || || ||||| |||| ||||||||||||||| |||||||| || |||||| | || || || | ||||||||| ||||| || ||||||||||||||||| ||||||||||| ||| |||| || ||||||||||| ||||||||||||||||||||||||||| | ||||| ||||| || ||||||||||| ||||||||||||||||||||||||||||| || ||||| ||||| |||||||| ||||| |||||||| ||||||||||| || || |||||||| ||||||||||| ||||| ||||||||||| ||||||||||||||||| ||||||||||||||||| |||||||||||||| |||||||| |||||||||||||||||||| || ||||||||| | || ||||| ||||||||||||||||||||||||||||||||||| |||||||| ||||||||||| |||||||| |||||||| |||||||||||||||||||||||||| ||||| || ||||| |||||||||||||||,LC589023
18,gi|1981674679|dbj|LC589022.1|,"Pristionchus degawai NKZ_PLA_D9 mitochondrial COX1 gene for cytochrome c oxidase subunit 1, partial cds",850.673,942,98.94,88.94,0,8,658,8,658,579,579,0,651,658,CCTTTAATATTAGGTGCTCCTGACATAAGATTCCCACGTTTAAACAATTTAAGATTTTGATTATTACCAACAGCAATATTTTTAATTTTAGACTCAAGATTTGTTGATATAGGTTGTGGTACAAGATGAACTGTTTATCCACCTTTGAGAACAATAGCTCACCCAGGTAGAAGAGTAGATTTAGCTATTTTTAGATTACATTGTGCTGGTTTAAGATCAATTTTAGGTGGAATTAATTTTATGTGTACTACTAAGAATTTACGTAGGAGATCTATTTCTTTGGAACATATAAGATTATTTGTTTGAACTGTTTTTGTAACAGTATTTTTATTGGTTTTATCATTACCAGTTTTAGCAGGTGCTATTACTATGTTATTAACTGACCGTAATTTAAATACTTCATTTTTTGATCCTAGAACTGGTGGTAACCCTTTAATTTATCAACATTTATTTTGATTTTTTGGGCATCCTGAAGTTTATATTTTAATTTTACCTGCATTTGGTATTATTAGGCAATCAACTTTATATTTAACTGGTAAAAAAGAAGTATTTGGTTCTTTAGGAATGGTTTATGCAATTTTAAGAATTGGTTTAATTGGTTGTGTAGTTTGAGCTCACCATATGTATACAGTTGGTATAGATTTAGATTCT,||||||||  ||||||| ||||||||||| || ||||||||||| ||||||||||||||||||||||| || || || |||||||||||||| || || ||||| |||| ||||||||||||||| |||||||| ||||||||| | || || || | ||||||||| ||||| || ||||||||||||||||| ||||||||||| ||| |||| || ||||||||||| ||||||||||||||||||||||||||| | ||||| ||||| || ||||||||||| ||||||||||||||||||||||||||||| || ||||| ||||| |||||||| ||||| |||||||| ||||||||||| || || |||||||| ||||||||||| ||||| |||||||| || ||||||||||||||||| ||||||||||||||||| |||||||||||||| |||||||| |||||||||||||||||||| || ||||||||| | || ||||| ||||||||||||||||||||||||||||||||||| |||||||| ||||||||||| |||||||| |||||||||||||||||||||||||| |||||||| || ||||| ||||| |||||||||||||||,LC589022
19,gi|1981674677|dbj|LC589021.1|,"Pristionchus degawai NKZ_PLA_D8 mitochondrial COX1 gene for cytochrome c oxidase subunit 1, partial cds",850.673,942,98.94,88.94,0,8,658,8,658,579,579,0,651,658,CCTTTAATATTAGGTGCTCCTGACATAAGATTCCCACGTTTAAACAATTTAAGATTTTGATTATTACCAACAGCAATATTTTTAATTTTAGACTCAAGATTTGTTGATATAGGTTGTGGTACAAGATGAACTGTTTACCCACCTTTGAGAACAATAGCTCACCCAGGTAGAAGAGTAGATTTAGCTATTTTTAGATTACATTGTGCTGGTTTAAGATCAATTTTAGGTGGAATTAATTTTATGTGTACTACTAAGAATTTACGTAGGAGATCTATTTCTTTGGAACATATAAGATTATTTGTTTGAACTGTTTTTGTAACAGTATTTTTATTGGTTTTATCATTACCAGTTTTAGCAGGTGCTATTACTATGTTATTAACTGACCGTAATTTAAATACTTCATTTTTTGACCCTAGAACTGGTGGTAACCCTTTAATTTATCAACATTTATTTTGATTTTTTGGGCATCCTGAAGTTTATATTTTAATTTTACCAGCATTTGGTATTATTAGGCAATCAACTTTATATTTAACTGGTAAAAAAGAAGTATTTGGTTCTTTAGGAATGGTTTATGCAATTTTAAGAATTGGTTTGATTGGTTGTGTAGTTTGAGCTCACCATATGTATACAGTTGGTATAGATTTAGATTCT,||||||||  ||||||| ||||||||||| || ||||||||||| ||||||||||||||||||||||| || || || |||||||||||||| || || ||||| |||| ||||||||||||||| |||||||| || |||||| | || || || | ||||||||| ||||| || ||||||||||||||||| ||||||||||| ||| |||| || ||||||||||| ||||||||||||||||||||||||||| | ||||| ||||| || ||||||||||| ||||||||||||||||||||||||||||| || ||||| ||||| |||||||| ||||| |||||||| ||||||||||| || || |||||||| ||||||||||| ||||| ||||||||||| ||||||||||||||||| ||||||||||||||||| |||||||||||||| |||||||| ||||||||||||||||||||||| ||||||||| | || ||||| ||||||||||||||||||||||||||||||||||| |||||||| ||||||||||| |||||||| |||||||| ||||||||||||||||| |||||||| || ||||| ||||| |||||||||||||||,LC589021
20,gi|1981516640|dbj|LC589043.1|,"Pristionchus degawai NKZ_PLA_F6 mitochondrial COX1 gene for cytochrome c oxidase subunit 1, partial cds",850.673,942,98.94,88.94,0,8,658,8,658,579,579,0,651,658,CCTTTAATATTAGGTGCTCCTGACATAAGATTCCCACGTTTAAACAATTTAAGATTTTGATTATTACCAACAGCAATATTTTTAATTTTAGATTCAAGATTTGTTGATATAGGTTGTGGTACAAGATGAACTGTTTACCCACCTTTGAGAACAATAGCTCACCCAGGTAGAAGAGTAGATTTAGCTATTTTTAGATTACATTGTGCTGGTTTAAGATCAATTTTAGGTGGAATTAATTTTATGTGTACTACTAAGAATTTACGTAGGAGATCTATTTCTTTGGAACATATAAGATTATTTGTTTGAACTGTTTTTGTAACAGTATTTTTATTGGTTTTATCATTACCAGTTTTAGCAGGTGCTATTACTATGTTATTAACTGACCGTAATTTAAATACTTCATTTTTTGATCCTAGAACTGGTGGTAACCCTTTAATTTATCAACATTTATTTTGATTTTTTGGGCATCCTGAAGTTTATATTTTAATTTTACCTGCATTTGGTATTATTAGGCAATCAACTTTATATTTAACTGGTAAAAAAGAAGTATTTGGTTCTTTAGGGATGGTTTATGCAATTTTAAGAATTGGTTTGATTGGTTGTGTAGTTTGGGCTCACCATATATACACAGTTGGTATAGATTTAGATTCT,||||||||  ||||||| ||||||||||| || ||||||||||| ||||||||||||||||||||||| || || || ||||||||||||||||| || ||||| |||| ||||||||||||||| |||||||| || |||||| | || || || | ||||||||| ||||| || ||||||||||||||||| ||||||||||| ||| |||| || ||||||||||| ||||||||||||||||||||||||||| | ||||| ||||| || ||||||||||| ||||||||||||||||||||||||||||| || ||||| ||||| |||||||| ||||| |||||||| ||||||||||| || || |||||||| ||||||||||| ||||| |||||||| || ||||||||||||||||| ||||||||||||||||| |||||||||||||| |||||||| |||||||||||||||||||| || ||||||||| | || ||||| ||||||||||||||||||||||||||||||||||| |||||||| ||||||||||| |||||||| |||||||| |||||||||||||||||||||||||| ||||| || ||||| |||||||||||||||,LC589043
21,gi|410992271|gb|JX163955.1|,"Micoletzkya palliati cytochrome oxidase subunit 1 (cox1) gene, partial cds; mitochondrial",848.87,940,98.78,88.92,0,8,657,25,674,578,578,0,650,683,CCTTTAATGTTAGGTGCTCCAGATATAAGGTTTCCTCGTTTAAATAATTTAAGATTTTGATTATTGCCAACAGCAATACTTTTAATTTTAGATTCTAGTTTTGTAGATATGGGTTGTGGTACTAGTTGAACAGTATATCCACCTTTAAGAACATTAGGTCATCCTGGTAGAAGAGTTGATTTAGCTATTTTTAGTCTTCATTGTGCTGGTATAAGGTCTATTCTAGGTGGTATTAATTTTATGTGTACAACAAAAAATTTACGTAGAAGATCTATTTCTTTAGAACATATAAGATTATTTGTTTGAACTGTTTTTGTTACTGTTTTTTTACTTGTTTTATCATTACCTGTTTTAGCTGGGGCTATTACAATGTTATTAACTGATCGTAATTTAAATACTTCTTTTTTTGATCCAAGAACAGGGGGTAATCCTTTAATTTATCAACATTTATTTTGATTTTTTGGTCATCCTGAGGTTTATATTTTAATTCTTCCAGCTTTTGGAATTGTTAGACAATCTACTTTATATTTAACTGGTAAAAAAGAAGTATTTGGTTCTTTGGGAATGGTTTATGCAATTTTAAGAATTGGTTTAATTGGTTGTGTAGTATGAGCTCATCATATATATACAGTAGGAATAGATTTAGATTC,||||||||| ||||||| || || ||||| ||||| ||||||||||||||||||||||||||||| || || || ||  ||||||||||||||||||||||||||||||  ||||||||||| || ||||| |||||||||||| |||| ||  | ||||| || || ||||| ||||||||||||||||||||| | |||||||| ||| |||| |||||| ||||||||||||||||||||||||| || || ||| | ||||||||||| || ||||| ||||| ||||||||||||||||||||||||||||||||||| || ||| | |||||||| |||||||||||||| || ||||||||||| || |||||||||||||||||||| |||||||||||||| |||||||| || ||||| || ||||||||||||||||| ||||||||||||||||||||||||||||||||||||||| | ||||||||||| ||||| |||||||||||||||||||||||||||||||||||||||||||| ||||| || ||||||||||| |||||||| ||||||||||||||||||||||| || ||||| || |||||||| || |||||||||||||||||,JX163955
22,gi|256856181|dbj|AB455820.1|,"Acrostichus sp. RGD95 mitochondrial mtCOI gene for cytochrome oxidase subunit I, partial cds",847.066,938,100.0,88.45,0,1,658,27,684,582,582,0,658,702,AATATTACCTTTAATATTAGGTGCTCCAGATATAAGTTTCCCTCGTTTAAATAATTTAAGTTTTTGATTATTACCCACTGCAATATTTTTAATTTTAGATTCTAGGTTTGTTGACACAGGTTGTGGTACAAGGTGAACTGTATATCCACCCCTAAGTACTGCAGGTCACCCTGGTAGAAGGGTTGATTTAGCTATTTTTAGTCTTCATTGTGCTGGTTTGAGATCAATTTTAGGTGGAATTAATTTTATGTGTACTACAAAAAATTTACGTAGAAGRTCAATTTCTTTAGAACATATAAGATTATTTGTATGAACTGTGTTTGTAACTGTTTTTTTATTGGTTTTATCTTTACCTGTTTTAGCTGGTGCTATTACTATATTACTTACTGATCGTAATTTAAATACTTCTTTTTTTGATCCAAGGACAGGTGGTAACCCTTTAATTTATCAGCATTTATTTTGATTTTTTGGTCACCCAGAAGTTTATATTTTAATTTTACCTGCTTTTGGTATTGTGAGACAATCTACTCTTTATTTAACAGGAAAAAAAGAGGTTTTTGGTTCTTTGGGAATGGTTTATGCTATTTTAAGAATTGGTTTAATTGGTTGTGTTGTGTGGGCTCATCATATATATACTGTTGGTATAGATTTAGATTCT,|||| | ||||||||  ||||||| || || |||||||| || ||||||||||||||||| |||||||||||||||||||| || |||||||||||||||||||| ||||| || ||||||||||||||||| ||||||||||||||||| ||||| |||   |||||||| || ||||||||||||||||||||||||||| | |||||||| ||| | || || ||||||||||| |||||||||||||||||||| || ||| | |||||||| ||||| ||||| ||||| |||||||||||||| |||||||| ||||| ||||| || ||||| ||||||||||||||||||||||| ||||||||||| |||||  | ||||||||||||||||| |||||||||||||| ||||| || ||||||||||| ||||||||||| ||||| ||||||||||||||||| || || |||||||||||||||||||| ||||||||||||||||||||||||||| | |||||||| || |||||||| || ||||| ||||| || |||||||||||||||||||| |||||||||||||||||||| || |||||||| || |||||||||||||| |||||||||||||||,AB455820
23,gi|1981674667|dbj|LC589016.1|,"Pristionchus degawai NKZ_PLA_D3 mitochondrial COX1 gene for cytochrome c oxidase subunit 1, partial cds",846.165,937,98.94,88.79,0,8,658,8,658,578,578,0,651,658,CCTTTAATATTAGGTGCTCCTGACATAAGATTCCCACGTTTAAACAATTTAAGATTTTGATTATTACCAACAGCAATATTTTTAATTTTAGACTCAAGATTTGTTGATATAGGTTGTGGTACAAGATGAACTGTTTATCCACCTTTGAGAACAATAGCTCACCCAGGTAGAAGAGTAGATTTAGCTATTTTTAGATTACATTGTGCTGGTTTAAGATCAATTTTAGGTGGAATTAATTTTATGTGTACTACTAAGAATTTACGTAGGAGATCTATTTCTTTGGAACATATAAGATTATTTGTTTGAACTGTTTTTGTAACAGTATTTTTATTGGTTTTATCATTACCAGTTTTAGCAGGTGCTATTACTATGTTATTAACTGACCGTAATTTAAATACTTCATTTTTTGATCCTAGAACTGGTGGTAACCCTTTAATTTATCAACATTTATTTTGATTTTTTGGGCATCCTGAAGTTTATATTTTAATTTTACCTGCATTTGGTATTATTAGGCAATCAACTTTATATTTAACTGGTAAAAAAGAAGTATTTGGTTCTTTAGGAATGGTTTATGCAATTTTAAGAATTGGTTTGATTGGTTGTGTAGTTTGAGCTCACCATATGTATACAGTTGGTATAGATTTAGATTCT,||||||||  ||||||| ||||||||||| || ||||||||||| ||||||||||||||||||||||| || || || |||||||||||||| || || ||||| |||| ||||||||||||||| |||||||| ||||||||| | || || || | ||||||||| ||||| || ||||||||||||||||| ||||||||||| ||| |||| || ||||||||||| ||||||||||||||||||||||||||| | ||||| ||||| || ||||||||||| ||||||||||||||||||||||||||||| || ||||| ||||| |||||||| ||||| |||||||| ||||||||||| || || |||||||| ||||||||||| ||||| |||||||| || ||||||||||||||||| ||||||||||||||||| |||||||||||||| |||||||| |||||||||||||||||||| || ||||||||| | || ||||| ||||||||||||||||||||||||||||||||||| |||||||| ||||||||||| |||||||| |||||||| ||||||||||||||||| |||||||| || ||||| ||||| |||||||||||||||,LC589016
24,gi|1981674663|dbj|LC589014.1|,"Pristionchus degawai NKZ_PLA_D1 mitochondrial COX1 gene for cytochrome c oxidase subunit 1, partial cds",846.165,937,98.94,88.79,0,8,658,8,658,578,578,0,651,658,CCTTTAATATTAGGTGCTCCTGACATAAGATTCCCACGTTTAAACAATTTAAGATTTTGATTATTACCAACAGCAATATTTTTAATTTTAGACTCAAGATTTGTTGATATAGGTTGTGGTACAAGATGAACTGTTTACCCACCTTTGAGAACAATAGCTCACCCAGGTAGAAGAGTAGATTTAGCTATTTTTAGATTACATTGTGCTGGTTTAAGATCAATTTTAGGTGGAATTAATTTTATGTGTACTACTAAGAATTTACGTAGGAGATCTATTTCTTTGGAACATATAAGATTATTTGTTTGAACTGTTTTTGTAACAGTATTTTTATTGGTTTTATCATTACCAGTTTTAGCAGGTGCTATTACTATGTTATTAACTGACCGTAATTTAAATACTTCATTTTTTGATCCTAGAACTGGTGGTAACCCTTTAATTTATCAACATTTATTTTGATTTTTTGGGCATCCTGAAGTTTATATTTTAATTTTACCTGCATTTGGTATTATTAGGCAATCAACTTTATATTTAACTGGTAAAAAAGAAGTATTTGGTTCTTTAGGAATGGTTTATGCAATTTTAAGAATTGGTTTGATTGGTTGTGTAGTTTGGGCTCACCATATATACACAGTTGGTATAGATTTAGATTCT,||||||||  ||||||| ||||||||||| || ||||||||||| ||||||||||||||||||||||| || || || |||||||||||||| || || ||||| |||| ||||||||||||||| |||||||| || |||||| | || || || | ||||||||| ||||| || ||||||||||||||||| ||||||||||| ||| |||| || ||||||||||| ||||||||||||||||||||||||||| | ||||| ||||| || ||||||||||| ||||||||||||||||||||||||||||| || ||||| ||||| |||||||| ||||| |||||||| ||||||||||| || || |||||||| ||||||||||| ||||| |||||||| || ||||||||||||||||| ||||||||||||||||| |||||||||||||| |||||||| |||||||||||||||||||| || ||||||||| | || ||||| ||||||||||||||||||||||||||||||||||| |||||||| ||||||||||| |||||||| |||||||| |||||||||||||||||||||||||| ||||| || ||||| |||||||||||||||,LC589014
25,gi|1981674661|dbj|LC589013.1|,"Pristionchus degawai NKZ_PLA_C mitochondrial COX1 gene for cytochrome c oxidase subunit 1, partial cds",846.165,937,98.94,88.79,0,8,658,8,658,578,578,0,651,658,CCTTTAATATTAGGTGCTCCTGACATAAGATTCCCACGTTTAAACAATTTAAGATTTTGATTATTACCAACAGCAATATTTTTAATTTTAGACTCAAGATTTGTTGATATAGGTTGTGGTACGAGATGAACTGTTTATCCACCTTTGAGAACAATAGCTCACCCAGGTAGAAGAGTAGATTTAGCTATTTTTAGATTACATTGTGCTGGTTTAAGATCAATTTTAGGTGGAATTAATTTTATGTGTACTACTAAAAATTTACGTAGGAGATCTATCTCTTTAGAACACATAAGATTATTTGTTTGAACTGTTTTTGTTACAGTATTCTTATTAGTTTTATCATTACCAGTTTTAGCAGGTGCTATTACTATGTTATTAACTGATCGTAATTTAAATACTTCATTCTTTGACCCTAGAACTGGAGGTAACCCTTTAATTTATCAACATTTATTTTGATTTTTTGGTCACCCCGAAGTTTATATTTTAATTTTACCCGCATTTGGTATTATTAGACAATCAACTTTATATTTGACTGGTAAAAAAGAAGTATTTGGTTCTTTAGGGATGGTTTATGCAATTTTAAGAATTGGTTTAATTGGTTGTGTAGTTTGAGCCCACCATATATATACGGTTGGTATAGATTTGGACTCT,||||||||  ||||||| ||||||||||| || ||||||||||| ||||||||||||||||||||||| || || || |||||||||||||| || || ||||| |||| |||||||||||| || |||||||| ||||||||| | || || || | ||||||||| ||||| || ||||||||||||||||| ||||||||||| ||| |||| || ||||||||||| ||||||||||||||||||||||| ||| | ||||| ||||| |||||||| |||||||||||||||||||||||||||||||||||||| |||||||||||||||||||| ||||| |||||||| ||||||||||| || || |||||||||||||||||||| ||||| || |||||||| |||||||| |||||||| ||||||||||||||||| ||||||||||||||||| || || |||||||||||||||||||| || ||||||||| | |||||||| ||||||||||| ||||||||||||||||||||||| |||||||| ||||||||||| |||||||| |||||||||||||||||||||||||| || ||||| |||||||| ||||| |||||||| || |||,LC589013
26,gi|1981516708|dbj|LC589060.1|,"Pristionchus degawai NKZ_PLA_N mitochondrial COX1 gene for cytochrome c oxidase subunit 1, partial cds",846.165,937,98.94,88.79,0,8,658,8,658,578,578,0,651,658,CCTTTAATATTAGGTGCTCCTGACATAAGATTCCCACGTTTAAACAATTTAAGATTTTGATTATTACCAACAGCAATATTTTTAATTTTAAACTCAAGATTTGTTGATATAGGTTGTGGTACAAGATGAACTGTTTACCCACCTTTGAGAACAATAGCTCACCCAGGTAGAAGAGTAGATTTAGCTATTTTTAGATTACATTGTGCTGGTTTAAGATCAATTTTAGGTGGAATTAATTTTATGTGTACTACTAAGAATTTACGTAGGAGATCTATTTCTTTGGAACATATAAGATTATTTGTTTGAACTGTTTTTGTAACAGTATTTTTATTGGTTTTATCATTACCAGTTTTAGCAGGTGCTATTACTATGTTATTAACTGACCGTAATTTAAATACTTCATTTTTTGACCCTAGAACTGGTGGTAACCCTTTAATTTATCAACATTTATTTTGATTTTTTGGGCATCCTGAAGTTTATATTTTAATTTTACCAGCATTTGGTATTATTAGGCAATCAACTTTATATTTAACTGGTAAAAAAGAAGTATTTGGTTCTTTAGGAATGGTTTATGCAATTTTAAGAATTGGTTTGATTGGTTGTGTAGTTTGAGCTCACCATATGTATACAGTTGGTATAGATTTAGATTCT,||||||||  ||||||| ||||||||||| || ||||||||||| ||||||||||||||||||||||| || || || |||||||||||| | || || ||||| |||| ||||||||||||||| |||||||| || |||||| | || || || | ||||||||| ||||| || ||||||||||||||||| ||||||||||| ||| |||| || ||||||||||| ||||||||||||||||||||||||||| | ||||| ||||| || ||||||||||| ||||||||||||||||||||||||||||| || ||||| ||||| |||||||| ||||| |||||||| ||||||||||| || || |||||||| ||||||||||| ||||| ||||||||||| ||||||||||||||||| ||||||||||||||||| |||||||||||||| |||||||| ||||||||||||||||||||||| ||||||||| | || ||||| ||||||||||||||||||||||||||||||||||| |||||||| ||||||||||| |||||||| |||||||| ||||||||||||||||| |||||||| || ||||| ||||| |||||||||||||||,LC589060
27,gi|1981516696|dbj|LC589058.1|,"Pristionchus degawai NKZ_PLA_J mitochondrial COX1 gene for cytochrome c oxidase subunit 1, partial cds",846.165,937,98.94,88.79,0,8,658,8,658,578,578,0,651,658,CCTTTAATATTAGGTGCTCCTGACATAAGATTCCCACGTTTAAACAATTTAAGATTTTGATTATTACCAACAGCAATATTTTTAATTTTAGACTCAAGATTTGTTGATATAGGTTGTGGTACAAGATGAACTGTTTACCCACCTTTGAGAACAATAGCTCACCCAGGTAGAAGAGTAGATTTAGCTATTTTTAGATTACATTGTGCTGGTTTAAGATCAATTTTAGGTGGAATTAATTTTATGTGTACTACTAAGAATTTACGTAGGAGATCTATTTCTTTGGAACATATAAGATTATTTGTTTGAACTGTTTTTGTAACAGTATTTTTATTGGTTTTATCATTACCAGTTTTAGCAGGTGCTATTACTATGTTATTAACTGACCGTAATTTAAATACTTCATTTTTTGATCCTAGAACTGGTGGTAACCCTTTAATTTATCAACATTTATTTTGATTTTTTGGGCATCCTGAAGTTTATATTTTAATTTTACCAGCATTTGGTATTATTAGGCAATCAACTTTATATTTAACTGGTAAAAAAGAAGTATTTGGTTCTTTAGGAATGGTTTATGCAATTTTAAGAATTGGTTTGATTGGTTGTGTAGTTTGAGCTCACCATATGTATACAGTTGGTATAGATTTAGATTCT,||||||||  ||||||| ||||||||||| || ||||||||||| ||||||||||||||||||||||| || || || |||||||||||||| || || ||||| |||| ||||||||||||||| |||||||| || |||||| | || || || | ||||||||| ||||| || ||||||||||||||||| ||||||||||| ||| |||| || ||||||||||| ||||||||||||||||||||||||||| | ||||| ||||| || ||||||||||| ||||||||||||||||||||||||||||| || ||||| ||||| |||||||| ||||| |||||||| ||||||||||| || || |||||||| ||||||||||| ||||| |||||||| || ||||||||||||||||| ||||||||||||||||| |||||||||||||| |||||||| ||||||||||||||||||||||| ||||||||| | || ||||| ||||||||||||||||||||||||||||||||||| |||||||| ||||||||||| |||||||| |||||||| ||||||||||||||||| |||||||| || ||||| ||||| |||||||||||||||,LC589058
28,gi|1981516648|dbj|LC589046.1|,"Pristionchus degawai NKZ_PLA_F9 mitochondrial COX1 gene for cytochrome c oxidase subunit 1, partial cds",846.165,937,98.94,88.79,0,8,658,8,658,578,578,0,651,658,CCTTTAATATTAGGTGCTCCTGACATAAGATTCCCACGTTTAAACAATTTAAGATTTTGATTATTACCAACAGCAATATTTTTAATTTTAGATTCAAGATTTGTTGATATAGGTTGTGGTACAAGATGAACTGTTTACCCACCTTTGAGAACAATAGCTCACCCAGGTAGAAGAGTAGATTTAGCTATTTTTAGATTACATTGTGCTGGTTTAAGATCAATTTTAGGTGGAATTAATTTTATGTGTACTACTAAGAATTTACGTAGGAGATCTATTTCTTTGGAACATATAAGATTATTTGTTTGAACTGTTTTTGTAACAGTATTTTTATTGGTTTTATCATTACCAGTCTTAGCAGGTGCTATTACTATGTTATTAACTGACCGTAATTTAAATACTTCATTTTTTGATCCTAGAACTGGTGGTAACCCTTTAATTTATCAACATTTATTTTGATTTTTTGGTCATCCTGAAGTTTATATTTTAATTTTACCTGCATTTGGTATTATTAGGCAATCAACTTTATATTTAACCGGTAAAAAAGAAGTATTTGGTTCTTTAGGAATGGTTTATGCAATTTTAAGAATTGGTTTGATTGGTTGTGTAGTTTGGGCTCACCATATATACACAGTTGGTATAGATTTAGATTCT,||||||||  ||||||| ||||||||||| || ||||||||||| ||||||||||||||||||||||| || || || ||||||||||||||||| || ||||| |||| ||||||||||||||| |||||||| || |||||| | || || || | ||||||||| ||||| || ||||||||||||||||| ||||||||||| ||| |||| || ||||||||||| ||||||||||||||||||||||||||| | ||||| ||||| || ||||||||||| ||||||||||||||||||||||||||||| || ||||| ||||| |||||||| ||||| || ||||| ||||||||||| || || |||||||| ||||||||||| ||||| |||||||| || ||||||||||||||||| ||||||||||||||||| ||||||||||||||||||||||| |||||||||||||||||||| || ||||||||| | || ||||| |||||||||||||| |||||||||||||||||||| |||||||| ||||||||||| |||||||| |||||||| |||||||||||||||||||||||||| ||||| || ||||| |||||||||||||||,LC589046
29,gi|1089667387|dbj|AP017674.1|,"Ancylostoma ceylanicum mitochondrial DNA, complete genome",843.46,934,99.09,88.65,0,6,657,312,963,578,578,0,652,13655,TGCCTTTAATGTTAGGTGCACCGGATATAAGTTTTCCACGTTTAAATAATTTAAGTTTTTGGTTGTTACCAACTGCTATGTTTTTAATTTTAGATTCTTGTTTTGTAGATATAGGGTGTGGAACTAGATGAACAGTTTATCCACCTTTAAGAACATTAGGTCATCCTGGAAGAAGTGTAGATTTAGCTATTTTTAGTTTGCATTGTGCAGGTTTAAGTTCAATTTTAGGTGGGATTAATTTTATGTGTACTACAAAAAATTTACGTAGAAGGTCAATTTCTTTGGAGCATATAAGTTTATTTGTTTGAACTGTATTTGTAACAGTTTTTTTATTGGTTTTATCATTACCTGTATTAGCTGGGGCAATTACAATGTTGTTGACTGATCGTAATTTAAATACTTCTTTTTTTGATCCAAGAACAGGTGGTAATCCTTTAATTTATCAGCATTTATTTTGATTTTTTGGTCATCCTGAGGTTTATATTTTAATTTTACCTGCTTTTGGTATTGTAAGACAGTCTACTTTGTATTTAACAGGTAAAAAAGAGGTGTTTGGATCTTTGGGGATGGTTTATGCAATTTTAAGGATTGGTTTAATTGGTTGTGTAGTTTGAGCTCACCATATGTATACTGTAGGGATAGATTTAGATTC,||||||||||| ||||||| || || ||||||||||||||||||||||||||||| ||||| || ||||| ||||||||||||||||||||||||||| |||||||||||| ||| ||||| || || ||||| || ||||||||| |||| ||  | ||||| || |||||||| || |||||||||||||||||||| |||||||||||| ||||||| ||||||||||| |||||||||||||||||||| || ||| | |||||||| ||||| |||||||| || ||||| ||||||||||||||||| ||||| || || || ||||| |||||||| |||||||| ||||| || || |||||||| ||||| ||||||||||||||||| |||||||||||||| |||||||| |||||||| || ||||||||||| ||||| |||||||||||||||||||||||||||||||||||||||||||| |||||||||||||| ||||| |||||||| |||||||| ||||||||||| || ||||||||||| || ||||||||||| |||||||| |||||||||||||||||||||||||| |||||||| || |||||||| || ||||||||||||||,AP017674
30,gi|1981674715|dbj|LC589040.1|,"Pristionchus degawai NKZ_PLA_F3 mitochondrial COX1 gene for cytochrome c oxidase subunit 1, partial cds",841.656,932,98.94,88.63,0,8,658,8,658,577,577,0,651,658,CCTTTAATATTAGGTGCTCCTGACATAAGATTCCCACGTTTAAACAATTTAAGATTTTGATTATTACCAACAGCAATATTTTTAATTTTAGATTCAAGATTTGTTGATATAGGTTGTGGTACAAGATGAACTGTTTACCCACCTTTGAGAACAATAGCTCACCCAGGTAGAAGAGTAGATTTAGCTATTTTTAGATTACATTGTGCTGGTTTAAGATCAATTTTAGGTGGAATTAATTTTATGTGTACTACTAAGAATTTACGTAGGAGATCTATTTCTTTGGAACATATAAGATTATTTGTTTGAACTGTTTTTGTAACAGTATTTTTATTGGTTTTATCATTACCAGTCTTAGCAGGTGCTATTACTATGTTATTAACTGACCGTAATTTAAATACTTCATTTTTTGATCCTAGAACTGGTGGTAACCCTTTAATTTATCAACATTTATTTTGATTTTTTGGACATCCTGAAGTTTATATTTTAATTTTACCTGCATTTGGTATTATTAGGCAATCAACTTTATATTTAACCGGTAAAAAAGAAGTATTTGGTTCTTTAGGAATGGTTTATGCAATTTTAAGAATTGGTTTGATTGGTTGTGTAGTTTGGGCTCACCATATATACACAGTTGGTATAGATTTAGATTCT,||||||||  ||||||| ||||||||||| || ||||||||||| ||||||||||||||||||||||| || || || ||||||||||||||||| || ||||| |||| ||||||||||||||| |||||||| || |||||| | || || || | ||||||||| ||||| || ||||||||||||||||| ||||||||||| ||| |||| || ||||||||||| ||||||||||||||||||||||||||| | ||||| ||||| || ||||||||||| ||||||||||||||||||||||||||||| || ||||| ||||| |||||||| ||||| || ||||| ||||||||||| || || |||||||| ||||||||||| ||||| |||||||| || ||||||||||||||||| ||||||||||||||||| |||||||||||||| |||||||| |||||||||||||||||||| || ||||||||| | || ||||| |||||||||||||| |||||||||||||||||||| |||||||| ||||||||||| |||||||| |||||||| |||||||||||||||||||||||||| ||||| || ||||| |||||||||||||||,LC589040
31,gi|1981674693|dbj|LC589029.1|,"Pristionchus degawai NKZ_PLA_D16 mitochondrial COX1 gene for cytochrome c oxidase subunit 1, partial cds",841.656,932,98.94,88.63,0,8,658,8,658,577,577,0,651,658,CCTTTAATATTAGGTGCTCCTGACATAAGATTCCCACGTTTAAACAATTTAAGATTTTGATTATTACCAACAGCAATATTTTTAATTTTAGACTCAAGATTTGTTGATATAGGTTGTGGTACAAGATGAACTGTCTACCCACCTTTGAGAACAATAGCTCACCCAGGTAGAAGAGTAGATTTAGCTATTTTTAGATTACATTGTGCTGGTTTAAGATCAATTTTAGGTGGAATTAATTTTATGTGTACTACTAAGAATTTACGTAGGAGATCTATTTCTTTGGAACATATAAGATTATTTGTTTGAACTGTTTTTGTAACAGTATTTTTATTGGTTTTATCATTACCAGTTTTAGCAGGTGCTATTACTATGTTATTAACTGACCGTAATTTAAATACTTCATTTTTTGATCCTAGGACTGGTGGTAACCCTTTAATTTATCAACATTTATTTTGATTTTTTGGGCATCCTGAAGTTTATATTTTAATTTTACCAGCATTTGGTATTATTAGGCAATCAACTTTATATTTAACTGGTAAAAAAGAAGTATTTGGTTCTTTAGGAATGGTTTATGCAATTTTAAGAATTGGTTTGATTGGTTGTGTAGTTTGAGCTCACCATATGTATACAGTTGGTATAGATTTAGATTCT,||||||||  ||||||| ||||||||||| || ||||||||||| ||||||||||||||||||||||| || || || |||||||||||||| || || ||||| |||| ||||||||||||||| |||||||| || |||||| | || || || | ||||||||| ||||| || ||||||||||||||||| ||||||||||| ||| |||| || ||||||||||| ||||||||||||||||||||||||||| | ||||| ||||| || ||||||||||| ||||||||||||||||||||||||||||| || ||||| ||||| |||||||| ||||| |||||||| ||||||||||| || || |||||||| ||||||||||| ||||| |||||||| || || |||||||||||||| ||||||||||||||||| |||||||||||||| |||||||| ||||||||||||||||||||||| ||||||||| | || ||||| ||||||||||||||||||||||||||||||||||| |||||||| ||||||||||| |||||||| |||||||| ||||||||||||||||| |||||||| || ||||| ||||| |||||||||||||||,LC589029
32,gi|1981674691|dbj|LC589028.1|,"Pristionchus degawai NKZ_PLA_D15 mitochondrial COX1 gene for cytochrome c oxidase subunit 1, partial cds",841.656,932,98.94,88.63,0,8,658,8,658,577,577,0,651,658,CCTTTAATATTAGGTGCTCCTGACATAAGATTCCCACGTTTAAACAATTTAAGATTTTGATTATTACCAACAGCAATATTTTTAATTTTAGACTCAAGATTTGTTGATATAGGTTGTGGTACAAGATGAACTGTTTACCCACCTTTGAGAACAATAGCTCACCCAGGTAGAAGAGTAGATTTAGCTATTTTTAGATTACATTGTGCTGGTTTAAGATCAATTTTAGGTGGAATTAATTTTATGTGTACTACTAAGAATTTACGTAGGAGATCTATTTCTTTGGAACATATGAGATTATTTGTTTGAACTGTTTTTGTAACAGTATTTTTATTGGTTTTATCATTACCAGTTTTAGCAGGTGCTATTACTATGTTATTAACTGACCGTAATTTAAATACTTCATTTTTTGACCCTAGAACTGGTGGTAACCCTTTAATTTATCAACATTTATTTTGATTTTTTGGGCATCCTGAAGTTTATATTTTAATTTTACCTGCATTTGGTATTATTAGGCAATCAACTTTATATTTAACTGGTAAAAAAGAAGTATTTGGTTCTTTAGGAATGGTTTATGCAATTTTAAGAATTGGTTTGATTGGTTGTGTAGTTTGAGCTCACCATATGTATACAGTTGGTATAGATTTAGATTCT,||||||||  ||||||| ||||||||||| || ||||||||||| ||||||||||||||||||||||| || || || |||||||||||||| || || ||||| |||| ||||||||||||||| |||||||| || |||||| | || || || | ||||||||| ||||| || ||||||||||||||||| ||||||||||| ||| |||| || ||||||||||| ||||||||||||||||||||||||||| | ||||| ||||| || ||||||||||| || |||||||||||||||||||||||||| || ||||| ||||| |||||||| ||||| |||||||| ||||||||||| || || |||||||| ||||||||||| ||||| ||||||||||| ||||||||||||||||| ||||||||||||||||| |||||||||||||| |||||||| |||||||||||||||||||| || ||||||||| | || ||||| ||||||||||||||||||||||||||||||||||| |||||||| ||||||||||| |||||||| |||||||| ||||||||||||||||| |||||||| || ||||| ||||| |||||||||||||||,LC589028
33,gi|1981674675|dbj|LC589020.1|,"Pristionchus degawai NKZ_PLA_D7 mitochondrial COX1 gene for cytochrome c oxidase subunit 1, partial cds",841.656,932,98.94,88.63,0,8,658,8,658,577,577,0,651,658,CCTTTAATATTAGGTGCTCCTGATATAAGATTCCCACGTTTAAACAATTTAAGATTTTGATTATTACCAACAGCAATATTTTTAATTTTAGACTCAAGATTTGTTGATATAGGTTGTGGTACAAGATGAACTGTTTACCCACCTTTGAGAACAATAGCTCACCCAGGTAGAAGAGTAGATTTAGCTATTTTTAGATTACATTGTGCTGGTTTAAGATCAATTTTAGGTGGAATTAATTTTATGTGTACTACTAAGAATTTACGTAGGAGATCTATTTCTTTGGAACATATAAGATTATTTGTTTGAACTGTTTTTGTAACAGTATTTTTATTGGTTTTATCATTACCAGTTTTAGCAGGTGCTATTACTATGTTATTAACTGACCGTAATTTAAATACTTCATTTTTTGATCCTAGAACTGGTGGTAACCCTTTAATTTATCAACATTTATTTTGATTTTTTGGGCATCCTGAAGTTTATATTTTAATTTTACCAGCATTTGGTATTATTAGACAATCAACTTTATATTTAACTGGTAAAAAAGAAGTATTTGGTTCTTTAGGAATGGTTTATGCAATTTTAAGAATTGGTTTGATTGGTTGTGTAGTTTGAGCTCACCATATGTACACAGTTGGTATAGATTTAGATTCT,||||||||  ||||||| ||||| ||||| || ||||||||||| ||||||||||||||||||||||| || || || |||||||||||||| || || ||||| |||| ||||||||||||||| |||||||| || |||||| | || || || | ||||||||| ||||| || ||||||||||||||||| ||||||||||| ||| |||| || ||||||||||| ||||||||||||||||||||||||||| | ||||| ||||| || ||||||||||| ||||||||||||||||||||||||||||| || ||||| ||||| |||||||| ||||| |||||||| ||||||||||| || || |||||||| ||||||||||| ||||| |||||||| || ||||||||||||||||| ||||||||||||||||| |||||||||||||| |||||||| ||||||||||||||||||||||| ||||||||| | |||||||| ||||||||||||||||||||||||||||||||||| |||||||| ||||||||||| |||||||| |||||||| ||||||||||||||||| |||||||| || || || ||||| |||||||||||||||,LC589020
34,gi|1981674671|dbj|LC589018.1|,"Pristionchus degawai NKZ_PLA_D5 mitochondrial COX1 gene for cytochrome c oxidase subunit 1, partial cds",841.656,932,98.94,88.63,0,8,658,8,658,577,577,0,651,658,CCTTTAATATTAGGTGCTCCTGATATAAGATTCCCACGTTTAAACAATTTAAGATTTTGATTATTACCAACAGCAATATTTTTAATTTTAGACTCAAGATTTGTTGATATAGGTTGTGGTACAAGATGAACTGTTTACCCACCTTTGAGAACAATAGCTCACCCAGGTAGAAGAGTAGATTTAGCTATTTTTAGATTACATTGTGCTGGTTTAAGATCAATTTTAGGTGGAATTAATTTTATGTGTACTACTAAGAATTTACGTAGGAGATCTATTTCTTTGGAACATATAAGATTATTTGTTTGAACTGTTTTTGTAACAGTATTTTTATTGGTTTTATCATTACCAGTTTTAGCAGGTGCTATTACTATATTATTAACTGACCGTAATTTAAATACTTCATTTTTTGATCCTAGAACTGGTGGTAACCCTTTAATTTATCAACATTTATTTTGATTTTTTGGGCATCCTGAAGTTTATATTTTAATTTTACCAGCATTTGGTATTATTAGGCAATCAACTTTATATTTAACTGGTAAAAAAGAAGTATTTGGTTCTTTAGGAATGGTTTATGCAATTTTAAGAATTGGTTTGATTGGTTGTGTAGTTTGAGCTCACCATATGTACACAGTTGGTATAGATTTAGATTCT,||||||||  ||||||| ||||| ||||| || ||||||||||| ||||||||||||||||||||||| || || || |||||||||||||| || || ||||| |||| ||||||||||||||| |||||||| || |||||| | || || || | ||||||||| ||||| || ||||||||||||||||| ||||||||||| ||| |||| || ||||||||||| ||||||||||||||||||||||||||| | ||||| ||||| || ||||||||||| ||||||||||||||||||||||||||||| || ||||| ||||| |||||||| ||||| |||||||| ||||||||||| ||||| |||||||| ||||||||||| ||||| |||||||| || ||||||||||||||||| ||||||||||||||||| |||||||||||||| |||||||| ||||||||||||||||||||||| ||||||||| | || ||||| ||||||||||||||||||||||||||||||||||| |||||||| ||||||||||| |||||||| |||||||| ||||||||||||||||| |||||||| || || || ||||| |||||||||||||||,LC589018
35,gi|1981674665|dbj|LC589015.1|,"Pristionchus degawai NKZ_PLA_D2 mitochondrial COX1 gene for cytochrome c oxidase subunit 1, partial cds",841.656,932,98.94,88.63,0,8,658,8,658,577,577,0,651,658,CCTTTAATATTAGGTGCTCCTGATATAAGATTCCCACGTTTAAACAATTTAAGATTTTGATTATTACCAACAGCAATATTTTTAATTTTAGACTCAAGATTTGTTGATATAGGTTGTGGTACAAGATGAACTGTTTACCCACCTTTGAGAACAATAGCTCACCCAGGTAGAAGAGTAGATTTAGCTATTTTTAGATTACATTGTGCTGGTTTAAGATCAATTTTAGGTGGAATTAATTTTATGTGTACTACTAAGAATTTACGTAGGAGATCTATTTCTTTGGAACATATAAGATTATTTGTTTGAACTGTTTTTGTAACAGTATTTTTATTGGTTTTATCATTACCAGTTTTAGCAGGTGCTATTACTATGTTATTAACTGACCGTAATTTAAATACTTCATTTTTTGATCCTAGAACTGGTGGTAACCCTTTAATTTATCAACATTTATTTTGATTTTTTGGGCATCCTGAAGTTTATATTTTAATTTTACCAGCATTTGGTATTATTAGGCAATCAACTTTATATTTAACTGGTAAAAAAGAAGTATTTGGTTCTTTAGGAATGGTTTATGCAATTTTAAGAATTGGTTTGATTGGTTGTGTAGTTTGAGCTCACCATATGTATACAGTTGGTATAGATTTAGATTCT,||||||||  ||||||| ||||| ||||| || ||||||||||| ||||||||||||||||||||||| || || || |||||||||||||| || || ||||| |||| ||||||||||||||| |||||||| || |||||| | || || || | ||||||||| ||||| || ||||||||||||||||| ||||||||||| ||| |||| || ||||||||||| ||||||||||||||||||||||||||| | ||||| ||||| || ||||||||||| ||||||||||||||||||||||||||||| || ||||| ||||| |||||||| ||||| |||||||| ||||||||||| || || |||||||| ||||||||||| ||||| |||||||| || ||||||||||||||||| ||||||||||||||||| |||||||||||||| |||||||| ||||||||||||||||||||||| ||||||||| | || ||||| ||||||||||||||||||||||||||||||||||| |||||||| ||||||||||| |||||||| |||||||| ||||||||||||||||| |||||||| || ||||| ||||| |||||||||||||||,LC589015
36,gi|1981516672|dbj|LC589051.1|,"Pristionchus degawai NKZ_PLA_F14 mitochondrial COX1 gene for cytochrome c oxidase subunit 1, partial cds",841.656,932,98.94,88.63,0,8,658,8,658,577,577,0,651,658,CCTTTAATATTAGGTGCTCCTGACATAAGATTCCCACGTTTAAACAATTTAAGATTTTGATTATTACCAACAGCAATATTTTTAATTTTAGATTCAAGATTTGTTGATATAGGTTGTGGTACAAGATGAACTGTTTACCCACCTTTGAGAACAATAGCTCACCCAGGTAGAAGAGTAGATTTAGCTATTTTTAGATTACATTGTGCTGGTTTAAGATCAATTTTAGGTGGAATTAATTTTATGTGTACTACTAAGAACTTACGTAGGAGATCTATTTCTTTGGAACATATAAGATTATTTGTTTGAACTGTTTTTGTAACAGTATTTTTATTGGTTTTATCATTACCAGTCTTAGCAGGTGCTATTACTATATTATTAACTGACCGTAATTTAAATACTTCATTTTTTGATCCTAGAACTGGTGGTAACCCTTTAATTTATCAACATTTATTTTGATTTTTTGGACATCCTGAAGTTTATATTTTAATTTTACCTGCATTTGGTATTATTAGGCAATCAACTTTATATTTAACCGGTAAAAAAGAAGTATTTGGTTCTTTAGGAATGGTTTATGCAATTTTAAGAATTGGTTTGATTGGTTGTGTAGTTTGGGCTCACCATATATACACAGTTGGTATAGATTTAGATTCT,||||||||  ||||||| ||||||||||| || ||||||||||| ||||||||||||||||||||||| || || || ||||||||||||||||| || ||||| |||| ||||||||||||||| |||||||| || |||||| | || || || | ||||||||| ||||| || ||||||||||||||||| ||||||||||| ||| |||| || ||||||||||| ||||||||||||||||||||||||||  | ||||| ||||| || ||||||||||| ||||||||||||||||||||||||||||| || ||||| ||||| |||||||| ||||| || ||||| ||||||||||| ||||| |||||||| ||||||||||| ||||| |||||||| || ||||||||||||||||| ||||||||||||||||| |||||||||||||| |||||||| |||||||||||||||||||| || ||||||||| | || ||||| |||||||||||||| |||||||||||||||||||| |||||||| ||||||||||| |||||||| |||||||| |||||||||||||||||||||||||| ||||| || ||||| |||||||||||||||,LC589051
37,gi|1981516664|dbj|LC589049.1|,"Pristionchus degawai NKZ_PLA_F12 mitochondrial COX1 gene for cytochrome c oxidase subunit 1, partial cds",841.656,932,98.94,88.63,0,8,658,8,658,577,577,0,651,658,CCTTTAATATTAGGTGCTCCTGACATAAGATTCCCACGTTTAAACAATTTAAGATTTTGATTATTACCAACAGCAATATTTTTAATTTTAGATTCAAGATTTGTTGATATAGGTTGTGGTACAAGATGAACTGTTTACCCACCTTTGAGAACAATAGCTCACCCAGGTAGAAGAGTAGATTTAGCTATTTTTAGATTACATTGTGCTGGTTTAAGATCAATTTTAGGTGGAATTAATTTTATGTGTACTACTAAGAACTTACGTAGGAGATCTATTTCTTTGGAACATATAAGATTATTTGTTTGAACTGTTTTTGTAACAGTATTTTTATTGGTTTTATCATTACCAGTCTTAGCAGGTGCTATTACTATGTTATTAACTGACCGTAATTTAAATACTTCATTTTTTGACCCTAGAACTGGTGGTAACCCTTTAATTTATCAACATTTATTTTGATTTTTTGGACATCCTGAAGTTTATATTTTAATTTTACCTGCATTTGGTATTATTAGGCAATCAACTTTATATTTAACCGGTAAAAAAGAAGTATTTGGTTCTTTAGGAATGGTTTATGCAATTTTAAGAATTGGTTTGATTGGTTGTGTAGTTTGGGCTCACCATATATACACAGTTGGTATAGATTTAGATTCT,||||||||  ||||||| ||||||||||| || ||||||||||| ||||||||||||||||||||||| || || || ||||||||||||||||| || ||||| |||| ||||||||||||||| |||||||| || |||||| | || || || | ||||||||| ||||| || ||||||||||||||||| ||||||||||| ||| |||| || ||||||||||| ||||||||||||||||||||||||||  | ||||| ||||| || ||||||||||| ||||||||||||||||||||||||||||| || ||||| ||||| |||||||| ||||| || ||||| ||||||||||| || || |||||||| ||||||||||| ||||| ||||||||||| ||||||||||||||||| ||||||||||||||||| |||||||||||||| |||||||| |||||||||||||||||||| || ||||||||| | || ||||| |||||||||||||| |||||||||||||||||||| |||||||| ||||||||||| |||||||| |||||||| |||||||||||||||||||||||||| ||||| || ||||| |||||||||||||||,LC589049
38,gi|1981516654|dbj|LC589047.1|,"Pristionchus degawai NKZ_PLA_F10 mitochondrial COX1 gene for cytochrome c oxidase subunit 1, partial cds",841.656,932,98.94,88.63,0,8,658,8,658,577,577,0,651,658,CCTTTAATATTAGGTGCTCCTGACATAAGATTCCCACGTTTAAACAATTTAAGATTTTGATTATTACCAACAGCAATATTTTTAATTTTAGATTCAAGATTTGTTGATATAGGTTGTGGTACAAGATGAACTGTTTACCCACCTTTGAGAACAATAGCTCACCCAGGTAGAAGAGTAGATTTAGCTATTTTTAGATTACATTGTGCTGGTTTAAGATCAATTTTAGGTGGAATTAATTTTATGTGTACTACTAAGAACTTACGTAGGAGATCTATCTCTTTGGAACATATAAGATTATTTGTTTGAACTGTTTTTGTAACAGTATTTTTATTGGTTTTATCATTACCAGTCTTAGCAGGTGCTATTACTATGTTATTAACTGACCGTAATTTAAATACTTCATTTTTTGATCCTAGAACTGGTGGTAACCCTTTAATTTATCAACATTTATTTTGATTTTTTGGACATCCTGAAGTTTATATTTTAATTTTACCTGCATTTGGTATTATTAGGCAATCAACTTTATATTTAACCGGTAAAAAAGAAGTATTTGGTTCTTTAGGAATGGTTTATGCAATTTTAAGAATTGGTTTGATTGGTTGTGTAGTTTGGGCTCACCATATATACACAGTTGGTATAGATTTAGATTCT,||||||||  ||||||| ||||||||||| || ||||||||||| ||||||||||||||||||||||| || || || ||||||||||||||||| || ||||| |||| ||||||||||||||| |||||||| || |||||| | || || || | ||||||||| ||||| || ||||||||||||||||| ||||||||||| ||| |||| || ||||||||||| ||||||||||||||||||||||||||  | ||||| ||||| |||||||||||||| ||||||||||||||||||||||||||||| || ||||| ||||| |||||||| ||||| || ||||| ||||||||||| || || |||||||| ||||||||||| ||||| |||||||| || ||||||||||||||||| ||||||||||||||||| |||||||||||||| |||||||| |||||||||||||||||||| || ||||||||| | || ||||| |||||||||||||| |||||||||||||||||||| |||||||| ||||||||||| |||||||| |||||||| |||||||||||||||||||||||||| ||||| || ||||| |||||||||||||||,LC589047
39,gi|1981516643|dbj|LC589044.1|,"Pristionchus degawai NKZ_PLA_F7 mitochondrial COX1 gene for cytochrome c oxidase subunit 1, partial cds",841.656,932,98.94,88.63,0,8,658,8,658,577,577,0,651,658,CCTTTAATGTTAGGTGCTCCTGACATAAGATTCCCACGTTTAAACAATTTAAGATTTTGATTATTACCAACAGCAATATTTTTAATTTTAGATTCAAGATTTGTTGATATAGGTTGTGGTACAAGATGAACTGTTTACCCACCTTTGAGAACAATAGCTCACCCAGGTAGAAGAGTAGATTTAGCTATTTTTAGATTACATTGTGCTGGTTTAAGATCAATTTTAGGTGGAATTAATTTTATGTGTACTACTAAGAACTTACGTAGGAGATCTATTTCTTTGGAACATATAAGATTATTTGTTTGAACTGTTTTTGTAACAGTATTTTTATTGGTTTTATCATTACCAGTCTTAGCAGGTGCTATTACTATGTTATTAACTGACCGTAATTTAAATACTTCATTTTTTGATCCTAGAACTGGTGGTAACCCTTTAATTTATCAACATTTATTTTGATTTTTTGGACATCCTGAAGTTTATATTTTAATTTTACCTGCATTTGGTATTATTAGGCAATCAACTTTATATTTAACCGGTAAAAAAGAAGTATTTGGTTCTTTAGGAATGGTTTATGCAATTTTAAGAATTGGTTTGATTGGTTGTGTAGTTTGGGCTCACCATATATACACAGTTGGTATAGATTTAGATTCT,||||||||| ||||||| ||||||||||| || ||||||||||| ||||||||||||||||||||||| || || || ||||||||||||||||| || ||||| |||| ||||||||||||||| |||||||| || |||||| | || || || | ||||||||| ||||| || ||||||||||||||||| ||||||||||| ||| |||| || ||||||||||| ||||||||||||||||||||||||||  | ||||| ||||| || ||||||||||| ||||||||||||||||||||||||||||| || ||||| ||||| |||||||| ||||| || ||||| ||||||||||| || || |||||||| ||||||||||| ||||| |||||||| || ||||||||||||||||| ||||||||||||||||| |||||||||||||| |||||||| |||||||||||||||||||| || ||||||||| | || ||||| |||||||||||||| |||||||||||||||||||| |||||||| ||||||||||| |||||||| |||||||| |||||||||||||||||||||||||| ||||| || ||||| |||||||||||||||,LC589044
40,gi|632798531|gb|KJ531153.1|,"Micoletzkya sp. 4 VS-2014 cytochrome oxidase subunit 1 (cox1) gene, partial cds; mitochondrial",840.754,931,100.0,88.3,0,1,658,15,672,581,581,0,658,680,AATACTACCATTAATATTAGGTGCACCTGATATAAGTTTCCCTCGTTTAAATAATTTAAGATTTTGATTGTTACCAACAGCTATATTTTTGATTTTAGATTCTAGATTTGTAGATATAGGTGCTGGTACAAGGTGAACAGTTTACCCCCCTCTTAGAACATTGGGTCATCCAGGTAGAAGAGTAGATTTGGCAATTTTTAGTTTACATTGTGCTGGTCTTAGTTCTATTTTGGGTGGTATTAATTTTATGTGTACAACTAAAAATTTACGTAGTAGATCTATTTCTTTGGAACATATAAGTCTTTTTGTTTGAACAGTTTTTGTTACTGTGTTTTTACTGGTTTTATCTTTACCTGTTTTAGCTGGGGCTATTACAATATTGTTGACAGATCGTAATCTTAATACATCTTTTTTTGACCCAAGTACTGGTGGTAATCCTTTAATCTATCAACATTTATTTTGATTTTTTGGACATCCTGAGGTTTATATTTTAATTTTACCAGCTTTTGGTATTGTTAGACAATCAACTTTATATTTAACGGGTAAAAAAGAGGTATTTGGTTCTTTAGGTATAGTATATGCTATTTTAAGTATTGGTTTAATTGGTTGTGTTGTTTGAGCTCACCACATATATACAGTTGGTATGGATTTAGATTCT,|||||| || |||||  ||||||| ||||| |||||||| || |||||||||||||||||||||||||| ||||| || ||||| ||||| |||||||||||||| |||||||||| ||||  ||||||||| ||||| || || || ||||| || ||  ||||||| ||||| ||||| || ||||| || |||||||||||||||||||| ||||| ||||||||||| ||||||||||||||||||||||| ||||| ||| | ||||| ||||| || ||||||||||| |||||  | ||||||||||| |||||||||||||| || ||| | ||||||||||||||||||||||| || ||||||||||||||||| || ||||||||| | || || ||||||||||||||||| ||||||||||| || ||||| ||||||||||| |||||||||||||| |||||||||||||||||||||||||||||||||||||||||||| |||||||| |||||||||||||| ||||||||||| |||||||| ||||||||||| || ||||||||||||||||||||||||||||||||||| ||||| ||||||||||||||||| ||||| || ||||||||||||,KJ531153
41,gi|1680429636|gb|MK754218.1|,"Diplogasteridae sp. N6656 cytochrome oxidase subunit 1 (cox1) gene, partial cds; mitochondrial",839.853,930,99.54,88.4,0,3,657,3,657,579,579,0,655,658,TAGTGCCTTTAATATTAGGTGCCCCAGATATAAGTTTTCCTCGTTTAAATAATTTAAGATTTTGATTATTACCCACAGCAATATTCTTAATTTTAGATTCAAGTTTTGTTGATACTGGTTGTGGTACTAGATGAACTGTATATCCTCCATTAAGAACTATAGCTCATCCAGGTAGGAGAGTAGATTTAGCTATTTTTAGTTTACATTGTGCTGGTCTGAGTTCTATTTTAGGTGGTATTAATTTTATATGCACAACAAAGAATTTACGTAGAAGATCAATTTCTTTAGAACATATAAGATTATTTGTATGAACTGTTTTTGTAACTGTATTTTTATTGGTTTTATCATTACCAGTATTAGCAGGTGCTATTACTATATTGTTAACAGATCGAAATTTAAATACTTCTTTTTTTGACCCCAGGACTGGTGGTAATCCATTAATTTATCAACATTTATTTTGATTTTTTGGTCACCCTGAAGTGTATATTTTAATTTTACCAGCATTTGGTATTATTAGACAATCAACTTTATATCTAACAGGAAAAAAAGAAGTTTTTGGTTCATTAGGTATAGTTTATGCTATTTTAAGAATTGGTTTAATTGGTTGTGTAGTTTGAGCTCACCATATATATACAGTAGGTATAGATTTGGACTC,|| ||||||||||  |||||||||| || ||||||||||| ||||||||||||||||||||||||||||||||||| || || || |||||||||||||| |||||||| ||||| ||||||||||| || |||||||||||||| ||  |||| ||||| | ||| ||||| || || || ||||||||||||||||||||||||||||| ||||| ||||||||||||||||||||||||||||| || || || |||||| | |||||||||||||| ||||| ||||| |||||||||||||| |||||||||||||| |||||||| ||||| |||||||| ||||| || ||||| ||||||||||| ||||||||||| ||||| |||||||| ||||||||||||||||| || ||||||||||| || ||||||||||||||||| ||||||||||||||||| ||||| || |||||||||||||||||||| ||||||||| | |||||||| ||||||||| |||| || ||||||||||| ||||| || |||||||| ||||||||||||||||| |||||||||||||||||||||||||| |||||||| |||||||| || || |||||||| || ||,MK754218
42,gi|963040530|gb|KT355738.1|,"Koerneria sudhausi mitochondrion, complete genome",839.853,930,100.0,88.47,0,1,658,270,927,583,583,2,659,16005,AATATTACCTTTAATATTAGGTGCCCCTGATATAAGTTTTCCGCGTTTAAATAATTTAAGTTTTTGATTATTACCTACTGCTATATTATTAATTATTATA-TCTAGTTTTGTAGATATAGGGGCTGGAACTAGTTGGACTGTATATCCACCTTTAAGCACCTTAGGTCACCCTGGTAGAAGGGTAGATTTAGCTATTTTTAGGTTACATTGTGCTGGTTTAAGTTCAATTTTAGGTGGGATTAATTTTATGTGTACAACTAAAAATCTTCGTAGAAGATCAATTTCTTTAGAACATATAAGTTTATTTGTGTGAACTGTTTTTGTTACTGTTTTTTTATTAGTTTTATCACTACCTGTGTTAGCGGGTGCTATTACAATGTTATTAACTGATCGTAATTTAAATACATCTTTTTTTGACCCTAGTACTGGTGGTAATCCTTTAATTTATCAACATTTATTTTGATTTTTTGGACATCCCGAGGTTTATATTTTAATTTTACCGGCTTTTGGGATTATTAGACAATCAACTTTGTATTTAACAGGTAAAAAAGAGGTATTTGGTTCTTTAGGTATAGTATATGCTATTTTAAGAATTGGTTTGATTGGGTGTGTAGTTTGAGCACATCACATATATACAGTTGGTATAGATTTAGATTCT,|||| | ||||||||  ||||||||||||| ||||||||||| ||||||||||||||||| |||||||||||||| |||||||| || |||||| ||| | |||||||||||||||| |||   ||| || || || ||||||||||||||| |||||||  | |||||||| || |||||||| ||||||||||||||||| ||||||||||| ||| ||||||| ||||||||||| ||||||||||||||||| ||||| |||||||||||||||||||| ||||| ||||| ||||| |||||||| |||||||||||||||||||| || ||||||||||||||  ||||||| ||||| |||||||||||||| || |||||||||||||||||||| || |||||||||||||| || ||||||||||| || ||||||||||||||||| |||||||||||||| ||||| ||||||||||||||||||||||| |||||||| ||| | |||||||| ||||| |||||||| ||||||||||| |||||||| ||||||||||| || |||||||||||||| |||||||| ||||| ||||||||||| || || ||||||||||| ||||| |||||||||||||||,KT355738
43,gi|326200247|gb|JF414117.1|,"Pristionchus pacificus strain PS312 California mitochondrion, complete genome",839.853,930,98.78,88.62,0,8,657,8080,8729,576,576,0,650,15954,CCTTTAATGCTGGGAGCCCCTGATATAAGGTTTCCACGTTTGAACAATTTAAGATTTTGATTATTACCGACAGCAATGTTTTTAATTTTAGATTCTAGGTTTGTTGATATAGGTTGTGGTACTAGGTGAACAGTATACCCTCCTTTAAGAACAATAGGACATCCAGGAAGAAGGGTGGATTTAGCTATTTTTAGATTACATTGTGCTGGTCTAAGATCTATTTTAGGTGGTATTAATTTTATGTGTACAACAAAAAATTTACGTAGAAGTTCTATTTCTTTAGAGCATATGAGTTTATTTGTTTGAACAGTGTTTGTAACAGTATTTTTGTTAGTATTATCTTTACCAGTTCTAGCAGGTGCTATCACAATATTATTAACTGATCGTAATTTAAATACTTCTTTTTTTGACCCTAGGACTGGTGGTAATCCTTTAATTTATCAACATTTATTCTGATTTTTTGGGCATCCTGAGGTGTATATTTTAATTTTACCAGCTTTTGGTATTATTAGACAATCTACTTTATATTTAACTGGTAAAAAGGAAGTATTTGGTTCTTTAGGTATGGTTTATGCAATTTTAAGGATTGGTTTAATTGGTTGTGTAGTTTGAGCTCACCATATGTACACTGTAGGTATAGATTTGGATTC,||||||||||| || |||||||| ||||| ||||||||||| || ||||||||||||||||||||||| || || ||||||||||||||||||||||| ||||| |||| |||||||||||| || ||||| ||||| || ||| |||| || || || || |||||||||||||| ||||||||||||||||| ||||||||||| |||||||| |||||||||||||||||||||||||||||||| || || ||| | |||||||| || || ||||| || || || || |||||||||||||| || ||||| || ||||| || ||||| ||||||||||| ||| |||| |||||||| |||||||| |||||||||||||||||||| ||||||||||||||||| || ||||||||||| || ||||||||||||||||| || ||||||||||| ||||||||||| |||||||||||||||||||||||||||||| | |||||||||||||||||||||||||||||||| ||||||||||| |||||||||||||||||||| |||||||| |||||||||||||||||||||||||| |||||||| || || ||||| || |||||||| |||||,JF414117
44,gi|1928118358|emb|LR700242.1|,"Pelodera strongyloides mitochondrial partial COI gene for cytochrome oxidase subunit 1, clone 24_139",838.951,929,99.85,88.28,0,1,657,31,687,580,580,0,657,712,AATATTACCTTTAATATTAGGTGCACCTGATATGAGTTTTCCTCGTTTAAATAATTTAAGATTTTGATTATTGCCTACAGCAATATTTTTAATTTTAGATTGTGCTTTTGTTGATATGGGTTGTGGAACAAGATGAACAGTCTATCCACCTTTAAGAACATTAGGTCATCCTGGTAGAAGAGTTGATTTAGCTATTTTTAGATTACATTGTGCAGGTATTAGATCAATTTTAGGTGGTATTAATTTTATGTGTACTACAAAAAATTTACGTAGAAGATCAATTTCTTTAGAACATATAAGATTATTTGTTTGAACAGTTTTTGTTACAGTATTTTTATTAGTATTGTCTTTACCAGTTTTAGCAGGTGCTATTACTATATTGTTGACTGATCGTAATTTAAATACATCTTTTTTTGATCCAAGAACTGGAGGAAATCCTTTAATTTATCAGCATTTATTTTGATTTTTTGGACATCCTGAGGTTTATATTTTAATTTTACCAGCTTTTGGTATTGCAAGACAATCTACTTTATATTTAACTGGTAAAAAAGAGGTATTTGGTTCTTTAGGAATGGTTTATGCAATTTTAAGAATTGGTTTAATTGGTTGTGTTGTTTGAGCTCATCATATATATACGGTAGGTATAGATTTAGATTC,|||| | ||||||||  ||||||| ||||| || |||||||| ||||||||||||||||||||||||||||| || || || || |||||||||||||||| |  |||||| ||||  |||||||| ||||| ||||| || ||||||||| |||| ||  | ||||| || || ||||| |||||||||||||||||||| ||||||||||||||| | || || |||||||||||||||||||||||||||||||| || ||| | |||||||||||||| ||||| ||||| |||||||||||||||||||| ||||||||||| ||||| |||||||| || |||||||| |||||||| ||||||||||| |||||||| ||||||||||||||||| || ||||||||||| ||||||||||| || || || ||||||||||| ||||| |||||||||||||| |||||||||||||||||||||||||||||||||||||||||||  ||||||||||||||||||||||||||||||||||| |||||||| |||||||| ||||||||||| |||||||| |||||||||||||||||||| ||||| ||||| || |||||||| || || ||||||||||||||,LR700242
45,gi|1981674713|dbj|LC589039.1|,"Pristionchus degawai NKZ_PLA_F2 mitochondrial COX1 gene for cytochrome c oxidase subunit 1, partial cds",837.148,927,98.94,88.48,0,8,658,8,658,576,576,0,651,658,CCTTTAATATTAGGTGCTCCTGACATAAGATTCCCACGTTTAAACAATTTAAGATTTTGATTATTACCAACAGCAATATTTTTAATTTTAGATTCAAGATTTGTTGATATAGGTTGTGGTACAAGATGAACTGTTTACCCACCTTTGAGAACAATAGCTCACCCAGGTAGAAGAGTAGATTTAGCTATTTTTAGATTACATTGTGCTGGTTTAAGATCAATTTTAGGTGGAATTAATTTTATGTGTACTACTAAGAACTTACGTAGGAGATCTATTTCTTTGGAACATATAAGATTATTTGTTTGAACTGTTTTTGTAACAGTATTTTTATTGGTTTTATCATTACCAGTCTTAGCAGGTGCTATTACTATGTTATTAACTGACCGTAATTTAAATACTTCATTTTTTGATCCTAGAACTGGTGGTAACCCTTTAATTTATCAACATTTATTTTGATTTTTTGGACATCCTGAAGTTTATATTTTAATTTTACCTGCATTTGGTATTATTAGGCAATCAACTTTATATTTAACCGGTAAAAAAGAAGTATTTGGTTCTTTAGGAATGGTTTATGCAATTTTAAGAATTGGTTTGATTGGTTGTGTAGTTTGGGCTCACCATATATACACAGTTGGTATAGATTTAGATTCT,||||||||  ||||||| ||||||||||| || ||||||||||| ||||||||||||||||||||||| || || || ||||||||||||||||| || ||||| |||| ||||||||||||||| |||||||| || |||||| | || || || | ||||||||| ||||| || ||||||||||||||||| ||||||||||| ||| |||| || ||||||||||| ||||||||||||||||||||||||||  | ||||| ||||| || ||||||||||| ||||||||||||||||||||||||||||| || ||||| ||||| |||||||| ||||| || ||||| ||||||||||| || || |||||||| ||||||||||| ||||| |||||||| || ||||||||||||||||| ||||||||||||||||| |||||||||||||| |||||||| |||||||||||||||||||| || ||||||||| | || ||||| |||||||||||||| |||||||||||||||||||| |||||||| ||||||||||| |||||||| |||||||| |||||||||||||||||||||||||| ||||| || ||||| |||||||||||||||,LC589039
46,gi|1981674687|dbj|LC589026.1|,"Pristionchus degawai NKZ_PLA_D13 mitochondrial COX1 gene for cytochrome c oxidase subunit 1, partial cds",837.148,927,98.94,88.48,0,8,658,8,658,576,576,0,651,658,CCTTTAATATTAGGTGCTCCTGATATAAGATTCCCACGTTTAAACAATTTAAGATTTTGATTATTACCAACAGCAATATTTTTAATTTTAGATTCAAGATTTGTTGATATAGGTTGTGGTACAAGATGAACTGTTTACCCACCTTTGAGAACAATAGCTCACCCAGGTAGAAGAGTAGATTTAGCTATTTTTAGATTACATTGTGCTGGTTTAAGATCAATTTTAGGTGGAATTAATTTTATGTGTACTACTAAGAACTTACGTAGGAGATCTATTTCTTTGGAACATATAAGATTATTTGTTTGAACTGTTTTTGTAACAGTATTTTTATTGGTTTTATCATTACCAGTCTTAGCAGGTGCTATTACTATGTTATTAACTGACCGTAATTTAAATACTTCATTTTTTGATCCTAGAACTGGTGGTAACCCTTTAATTTATCAACATTTATTTTGATTTTTTGGACATCCTGAAGTTTATATTTTAATTTTACCTGCATTTGGTATTATTAGGCAATCAACTTTATATTTAACCGGTAAAAAAGAAGTATTTGGTTCTTTAGGAATGGTTTATGCAATTTTAAGAATTGGTTTAATTGGTTGTGTAGTTTGGGCTCACCATATATACACAGTTGGTATAGATTTAGATTCT,||||||||  ||||||| ||||| ||||| || ||||||||||| ||||||||||||||||||||||| || || || ||||||||||||||||| || ||||| |||| ||||||||||||||| |||||||| || |||||| | || || || | ||||||||| ||||| || ||||||||||||||||| ||||||||||| ||| |||| || ||||||||||| ||||||||||||||||||||||||||  | ||||| ||||| || ||||||||||| ||||||||||||||||||||||||||||| || ||||| ||||| |||||||| ||||| || ||||| ||||||||||| || || |||||||| ||||||||||| ||||| |||||||| || ||||||||||||||||| ||||||||||||||||| |||||||||||||| |||||||| |||||||||||||||||||| || ||||||||| | || ||||| |||||||||||||| |||||||||||||||||||| |||||||| ||||||||||| |||||||| ||||||||||||||||||||||||||||||||||| ||||| || ||||| |||||||||||||||,LC589026
47,gi|1981674651|dbj|LC589008.1|,"Pristionchus fukushimae NKZ_PLA_B mitochondrial COX1 gene for cytochrome c oxidase subunit 1, partial cds",837.148,927,98.94,88.48,0,8,658,8,658,576,576,0,651,658,CCTTTAATATTGGGAGCTCCAGATATGAGATTCCCTCGTTTAAATAATTTAAGATTTTGATTATTACCCACAGCTATGTTTTTAATTTTGGATTCAAGATTTGTAGATATAGGTTGTGGTACTAGATGAACTGTTTATCCTCCTTTGAGGACAATAGGCCATCCCGGTAGAAGAGTAGATTTAGCTATTTTTAGTTTACATTGTGCTGGTTTAAGATCTATTTTAGGTGGTATTAATTTTATGTGTACTACAAAAAATTTACGTAGAAGATCTATTTCTTTAGAACATATAAGATTATTTGTATGAACTGTATTTGTTACTGTATTTTTATTAGTTTTATCATTACCTGTTTTAGCTGGTGCTATTACTATGTTATTAACAGATCGTAATTTAAATACTTCATTTTTTGACCCTAGAACTGGTGGTAATCCTTTAATTTATCAACATTTGTTTTGATTCTTTGGTCATCCTGAGGTTTATATTTTAATTTTACCTGCTTTTGGTATTATTAGACAATCAACTTTATATTTAACAGGTAAAAAAGAAGTATTTGGTTCTTTAGGAATAGTTTATGCTATCTTAAGAATTGGTTTAATTGGATGTGTAGTTTGAGCACATCATATGTATACTGTAGGTATAGATTTAGATTCT,||||||||  | || || || || || || || || ||||||||||||||||||||||||||||||||||| ||||||||||||||||| ||||| || |||||||||| |||||||||||| || |||||||| ||||| ||| | || || || || || || || ||||| || ||||||||||||||||||||||||||||| ||| |||| ||||||||||||||||||||||||||||||||||| || ||| | ||||||||||| || ||||| ||||| |||||||||||||| |||||||| |||||||||||||| |||||||||||||| |||||||||||||| ||||||||||| || || ||||| |||||||||||||| ||||| ||||||||||| |||||||||||||| || |||||||||||||||||||||||||| ||||||||||||||||||||||||||||||||||| |||||||||||| | |||||||| |||||||||||||| |||||||||||||||||||| |||||||| || ||||||||||| ||||| |||||||||||||| ||||||||||| || || || || |||||||| || |||||||||||||||,LC589008
48,gi|1981516681|dbj|LC589054.1|,"Pristionchus degawai NKZ_PLA_F17 mitochondrial COX1 gene for cytochrome c oxidase subunit 1, partial cds",837.148,927,98.94,88.48,0,8,658,8,658,576,576,0,651,658,CCTTTAATATTAGGTGCTCCTGACATAAGATTACCACGTTTAAACAATTTAAGATTTTGATTATTACCAACAGCAATATTTTTAATTTTAGATTCAAGATTTGTTGATATAGGTTGTGGTACAAGATGAACTGTTTACCCACCTTTGAGAACAATAGCTCACCCAGGTAGAAGAGTAGATTTAGCTATTTTTAGATTACATTGTGCTGGTTTAAGATCAATTTTAGGTGGAATTAATTTTATGTGTACTACTAAGAACTTACGTAGGAGATCTATTTCTTTGGAACATATAAGATTATTTGTTTGAACTGTTTTTGTAACAGTATTTTTATTGGTTTTATCATTACCAGTCTTAGCAGGTGCTATTACTATGTTATTAACTGACCGTAATTTAAATACTTCATTTTTTGATCCTAGAACTGGTGGTAACCCTTTAATTTATCAACATTTATTTTGATTTTTTGGACATCCTGAAGTTTATATTTTAATTTTACCTGCATTTGGTATTATTAGGCAATCAACTTTATATTTAACCGGTAAAAAAGAAGTATTTGGTTCTTTAGGAATGGTTTATGCAATTTTAAGAATTGGTTTGATTGGTTGTGTAGTTTGGGCTCACCATATATACACAGTTGGTATAGATTTAGATTCT,||||||||  ||||||| ||||||||||| || ||||||||||| ||||||||||||||||||||||| || || || ||||||||||||||||| || ||||| |||| ||||||||||||||| |||||||| || |||||| | || || || | ||||||||| ||||| || ||||||||||||||||| ||||||||||| ||| |||| || ||||||||||| ||||||||||||||||||||||||||  | ||||| ||||| || ||||||||||| ||||||||||||||||||||||||||||| || ||||| ||||| |||||||| ||||| || ||||| ||||||||||| || || |||||||| ||||||||||| ||||| |||||||| || ||||||||||||||||| ||||||||||||||||| |||||||||||||| |||||||| |||||||||||||||||||| || ||||||||| | || ||||| |||||||||||||| |||||||||||||||||||| |||||||| ||||||||||| |||||||| |||||||| |||||||||||||||||||||||||| ||||| || ||||| |||||||||||||||,LC589054
49,gi|1981516677|dbj|LC589053.1|,"Pristionchus degawai NKZ_PLA_F16 mitochondrial COX1 gene for cytochrome c oxidase subunit 1, partial cds",837.148,927,98.94,88.48,0,8,658,8,658,576,576,0,651,658,CCTTTAATATTAGGTGCTCCTGACATAGGATTCCCACGTTTAAACAATTTAAGATTTTGATTATTACCAACAGCAATATTTTTAATTTTAGATTCAAGATTTGTTGATATAGGTTGTGGTACAAGATGAACTGTTTACCCACCTTTGAGAACAATAGCTCACCCAGGTAGAAGAGTAGATTTAGCTATTTTTAGATTACATTGTGCTGGTTTAAGATCAATTTTAGGTGGAATTAATTTTATGTGTACTACTAAGAATTTACGTAGGAGATCTATTTCTTTGGAACATATAAGATTATTTGTTTGAACTGTTTTTGTAACAGTATTTTTATTGGTTTTATCATTACCAGTCTTAGCAGGTGCTATTACTATGTTATTAACTGACCGTAATTTAAATACTTCATTTTTTGATCCTAGAACTGGTGGTAACCCTTTAATTTATCAACATTTATTTTGATTTTTTGGACATCCTGAAGTTTATATTTTAATTTTACCTGCATTTGGTATTATTAGGCAATCAACTTTATATTTAACCGGTAAAAAAGAAGTATTTGGTTCTTTAGGAATGGTTTATGCAATTTTAAGAATTGGTTTGATTGGTTGTGTAGTTTGGGCTCACCATATATACACAGTTGGTATAGATTTAGATTCT,||||||||  ||||||| ||||||||| | || ||||||||||| ||||||||||||||||||||||| || || || ||||||||||||||||| || ||||| |||| ||||||||||||||| |||||||| || |||||| | || || || | ||||||||| ||||| || ||||||||||||||||| ||||||||||| ||| |||| || ||||||||||| ||||||||||||||||||||||||||| | ||||| ||||| || ||||||||||| ||||||||||||||||||||||||||||| || ||||| ||||| |||||||| ||||| || ||||| ||||||||||| || || |||||||| ||||||||||| ||||| |||||||| || ||||||||||||||||| ||||||||||||||||| |||||||||||||| |||||||| |||||||||||||||||||| || ||||||||| | || ||||| |||||||||||||| |||||||||||||||||||| |||||||| ||||||||||| |||||||| |||||||| |||||||||||||||||||||||||| ||||| || ||||| |||||||||||||||,LC589053
